CustomerID,Recency,Frequency,Monetary,R_Score,F_Score,M_Score,RFM_Score,RFM_Segment,Segment,KMeans_Cluster
CUST-0001,323,2,360.94,1,1,2,4,112,Lost,1
CUST-0002,113,5,3211.33,2,3,3,8,233,At Risk,2
CUST-0003,5,1,530.96,5,1,2,8,512,New Customers,2
CUST-0004,4,22,60449.82,5,5,5,15,555,Champions,0
CUST-0005,21,1,207.52,4,1,1,6,411,New Customers,2
CUST-0006,139,3,1062.88,2,2,3,7,223,Need Attention,2
CUST-0007,21,11,6782.51,4,4,4,12,444,Champions,2
CUST-0008,10,25,66659.22,5,5,5,15,555,Champions,0
CUST-0009,16,1,422.37,4,1,2,7,412,New Customers,2
CUST-0010,6,19,40718.63,5,5,5,15,555,Champions,0
CUST-0011,235,1,171.75,1,1,1,3,111,Lost,1
CUST-0012,336,3,662.3,1,2,2,5,122,Lost,1
CUST-0013,31,13,6072.81,3,5,4,12,354,Loyal Customers,2
CUST-0014,101,7,3642.61,2,3,3,8,233,At Risk,2
CUST-0015,3,1,356.93,5,1,2,8,512,New Customers,2
CUST-0016,21,11,11704.99,4,4,5,13,445,Champions,2
CUST-0017,4,1,182.49,5,1,1,7,511,New Customers,2
CUST-0018,78,4,2192.72,2,3,3,8,233,At Risk,2
CUST-0019,1,25,67094.1,5,5,5,15,555,Champions,0
CUST-0020,14,2,549.18,4,1,2,7,412,New Customers,2
CUST-0021,35,7,3562.67,3,3,3,9,333,Loyal Customers,2
CUST-0022,76,7,4494.39,2,4,4,10,244,At Risk,2
CUST-0023,21,6,2848.05,4,3,3,10,433,Loyal Customers,2
CUST-0024,23,1,138.41,4,1,1,6,411,New Customers,2
CUST-0025,21,2,589.96,4,1,2,7,412,New Customers,2
CUST-0026,37,6,6040.12,3,3,4,10,334,Loyal Customers,2
CUST-0027,245,3,608.28,1,2,2,5,122,Lost,1
CUST-0028,10,24,50673.3,5,5,5,15,555,Champions,0
CUST-0029,78,3,1662.17,2,2,3,7,223,Need Attention,2
CUST-0030,2,26,67425.08,5,5,5,15,555,Champions,0
CUST-0031,12,27,71876.18,4,5,5,14,455,Champions,0
CUST-0032,11,10,7915.62,5,4,4,13,544,Champions,2
CUST-0033,67,3,659.96,2,2,2,6,222,Need Attention,2
CUST-0034,4,24,66196.45,5,5,5,15,555,Champions,0
CUST-0035,21,8,4598.64,4,4,4,12,444,Champions,2
CUST-0036,13,29,51015.28,4,5,5,14,455,Champions,0
CUST-0037,22,2,602.83,4,1,2,7,412,New Customers,2
CUST-0038,64,3,1560.52,3,2,3,8,323,Need Attention,2
CUST-0039,42,8,7075.56,3,4,4,11,344,Loyal Customers,2
CUST-0040,22,1,184.19,4,1,1,6,411,New Customers,2
CUST-0041,131,3,1147.4,2,2,3,7,223,Need Attention,2
CUST-0042,4,22,17722.25,5,5,5,15,555,Champions,0
CUST-0043,146,7,5146.82,2,4,4,10,244,At Risk,2
CUST-0044,198,3,473.72,1,2,2,5,122,Lost,1
CUST-0045,27,1,235.53,3,1,1,5,311,Need Attention,2
CUST-0046,17,1,348.9,4,1,2,7,412,New Customers,2
CUST-0047,26,9,11386.55,3,4,5,12,345,Loyal Customers,2
CUST-0048,26,2,405.59,3,1,2,6,312,Need Attention,2
CUST-0049,64,7,3902.68,3,4,4,11,344,Loyal Customers,2
CUST-0050,36,14,9146.35,3,5,4,12,354,Loyal Customers,2
CUST-0051,99,5,3898.64,2,3,4,9,234,At Risk,2
CUST-0052,31,12,7616.75,3,4,4,11,344,Loyal Customers,2
CUST-0053,20,14,9936.03,4,5,5,14,455,Champions,2
CUST-0054,14,1,295.56,4,1,1,6,411,New Customers,2
CUST-0055,22,1,111.65,4,1,1,6,411,New Customers,2
CUST-0056,19,1,217.81,4,1,1,6,411,New Customers,2
CUST-0057,76,4,1405.93,2,3,3,8,233,At Risk,2
CUST-0058,307,1,70.52,1,1,1,3,111,Lost,1
CUST-0059,28,2,831.08,3,1,2,6,312,Need Attention,2
CUST-0060,5,26,25012.05,5,5,5,15,555,Champions,0
CUST-0061,95,3,2577.08,2,2,3,7,223,Need Attention,2
CUST-0062,206,2,292.63,1,1,1,3,111,Lost,1
CUST-0063,12,2,816.77,4,1,2,7,412,New Customers,2
CUST-0064,335,1,112.36,1,1,1,3,111,Lost,1
CUST-0065,181,1,153.87,2,1,1,4,211,Need Attention,1
CUST-0066,33,14,11038.34,3,5,5,13,355,Loyal Customers,2
CUST-0067,18,10,8233.87,4,4,4,12,444,Champions,2
CUST-0068,25,8,6004.62,3,4,4,11,344,Loyal Customers,2
CUST-0069,22,11,8856.42,4,4,4,12,444,Champions,2
CUST-0070,212,3,359.93,1,2,2,5,122,Lost,1
CUST-0071,4,2,989.92,5,1,3,9,513,New Customers,2
CUST-0072,1,15,44258.0,5,5,5,15,555,Champions,0
CUST-0073,17,8,8574.71,4,4,4,12,444,Champions,2
CUST-0074,8,29,83487.25,5,5,5,15,555,Champions,0
CUST-0075,20,2,880.41,4,1,3,8,413,New Customers,2
CUST-0076,326,2,495.05,1,1,2,4,112,Lost,1
CUST-0077,16,1,361.31,4,1,2,7,412,New Customers,2
CUST-0078,27,2,732.33,3,1,2,6,312,Need Attention,2
CUST-0079,23,10,6806.81,4,4,4,12,444,Champions,2
CUST-0080,75,6,2929.44,2,3,3,8,233,At Risk,2
CUST-0081,99,5,1310.63,2,3,3,8,233,At Risk,2
CUST-0082,60,6,4264.2,3,3,4,10,334,Loyal Customers,2
CUST-0083,321,1,188.98,1,1,1,3,111,Lost,1
CUST-0084,23,1,240.19,4,1,1,6,411,New Customers,2
CUST-0085,38,13,7264.55,3,5,4,12,354,Loyal Customers,2
CUST-0086,8,27,51680.77,5,5,5,15,555,Champions,0
CUST-0087,288,1,110.42,1,1,1,3,111,Lost,1
CUST-0088,12,6,3205.31,4,3,3,10,433,Loyal Customers,2
CUST-0089,26,2,308.98,3,1,1,5,311,Need Attention,2
CUST-0090,111,6,2532.34,2,3,3,8,233,At Risk,2
CUST-0091,196,2,106.07,1,1,1,3,111,Lost,1
CUST-0092,43,7,3728.11,3,4,3,10,343,Loyal Customers,2
CUST-0093,13,17,19331.7,4,5,5,14,455,Champions,0
CUST-0094,37,8,5957.58,3,4,4,11,344,Loyal Customers,2
CUST-0095,12,10,12199.39,4,4,5,13,445,Champions,2
CUST-0096,20,13,5235.33,4,5,4,13,454,Champions,2
CUST-0097,73,4,1022.03,2,3,3,8,233,At Risk,2
CUST-0098,42,13,5141.82,3,5,4,12,354,Loyal Customers,2
CUST-0099,280,3,757.32,1,2,2,5,122,Lost,1
CUST-0100,255,3,773.69,1,2,2,5,122,Lost,1
CUST-0101,213,1,196.59,1,1,1,3,111,Lost,1
CUST-0102,332,1,161.48,1,1,1,3,111,Lost,1
CUST-0103,84,5,1737.02,2,3,3,8,233,At Risk,2
CUST-0104,16,6,4601.56,4,3,4,11,434,Loyal Customers,2
CUST-0105,29,2,718.26,3,1,2,6,312,Need Attention,2
CUST-0106,9,24,57485.6,5,5,5,15,555,Champions,0
CUST-0107,91,7,2719.4,2,4,3,9,243,At Risk,2
CUST-0108,42,7,6534.47,3,4,4,11,344,Loyal Customers,2
CUST-0109,128,5,3014.44,2,3,3,8,233,At Risk,2
CUST-0110,13,2,261.8,4,1,1,6,411,New Customers,2
CUST-0111,61,4,1770.47,3,3,3,9,333,Loyal Customers,2
CUST-0112,95,4,2300.87,2,3,3,8,233,At Risk,2
CUST-0113,36,9,9520.37,3,4,4,11,344,Loyal Customers,2
CUST-0114,4,28,86343.1,5,5,5,15,555,Champions,0
CUST-0115,280,1,109.22,1,1,1,3,111,Lost,1
CUST-0116,233,3,794.25,1,2,2,5,122,Lost,1
CUST-0117,225,2,419.05,1,1,2,4,112,Lost,1
CUST-0118,22,2,508.13,4,1,2,7,412,New Customers,2
CUST-0119,9,17,33005.93,5,5,5,15,555,Champions,0
CUST-0120,10,9,3891.2,5,4,4,13,544,Champions,2
CUST-0121,9,2,763.48,5,1,2,8,512,New Customers,2
CUST-0122,252,3,247.36,1,2,1,4,121,Lost,1
CUST-0123,82,5,1248.97,2,3,3,8,233,At Risk,2
CUST-0124,258,1,42.28,1,1,1,3,111,Lost,1
CUST-0125,195,3,526.02,1,2,2,5,122,Lost,1
CUST-0126,72,7,3514.6,2,4,3,9,243,At Risk,2
CUST-0127,349,1,251.97,1,1,1,3,111,Lost,1
CUST-0128,19,12,5669.31,4,4,4,12,444,Champions,2
CUST-0129,318,3,679.38,1,2,2,5,122,Lost,1
CUST-0130,37,11,6772.66,3,4,4,11,344,Loyal Customers,2
CUST-0131,290,3,720.69,1,2,2,5,122,Lost,1
CUST-0132,317,1,144.75,1,1,1,3,111,Lost,1
CUST-0133,341,1,109.0,1,1,1,3,111,Lost,1
CUST-0134,283,2,248.35,1,1,1,3,111,Lost,1
CUST-0135,9,17,33619.43,5,5,5,15,555,Champions,0
CUST-0136,42,11,4829.12,3,4,4,11,344,Loyal Customers,2
CUST-0137,37,8,9872.2,3,4,4,11,344,Loyal Customers,2
CUST-0138,7,2,924.6,5,1,3,9,513,New Customers,2
CUST-0139,247,1,76.62,1,1,1,3,111,Lost,1
CUST-0140,18,12,8651.2,4,4,4,12,444,Champions,2
CUST-0141,249,3,367.79,1,2,2,5,122,Lost,1
CUST-0142,9,1,118.84,5,1,1,7,511,New Customers,2
CUST-0143,25,2,576.72,3,1,2,6,312,Need Attention,2
CUST-0144,30,11,9140.01,3,4,4,11,344,Loyal Customers,2
CUST-0145,5,1,180.59,5,1,1,7,511,New Customers,2
CUST-0146,32,11,10689.66,3,4,5,12,345,Loyal Customers,2
CUST-0147,17,10,7125.37,4,4,4,12,444,Champions,2
CUST-0148,278,2,562.8,1,1,2,4,112,Lost,1
CUST-0149,10,23,35167.27,5,5,5,15,555,Champions,0
CUST-0150,264,2,528.81,1,1,2,4,112,Lost,1
CUST-0151,5,25,53398.91,5,5,5,15,555,Champions,0
CUST-0152,12,21,37382.3,4,5,5,14,455,Champions,0
CUST-0153,10,2,825.98,5,1,2,8,512,New Customers,2
CUST-0154,27,1,176.06,3,1,1,5,311,Need Attention,2
CUST-0155,274,1,247.99,1,1,1,3,111,Lost,1
CUST-0156,18,2,464.82,4,1,2,7,412,New Customers,2
CUST-0157,12,2,804.56,4,1,2,7,412,New Customers,2
CUST-0158,88,7,4246.69,2,4,4,10,244,At Risk,2
CUST-0159,29,8,8360.84,3,4,4,11,344,Loyal Customers,2
CUST-0160,315,2,237.85,1,1,1,3,111,Lost,1
CUST-0161,319,2,307.36,1,1,1,3,111,Lost,1
CUST-0162,300,3,633.39,1,2,2,5,122,Lost,1
CUST-0163,349,3,296.42,1,2,1,4,121,Lost,1
CUST-0164,307,2,502.41,1,1,2,4,112,Lost,1
CUST-0165,30,14,13582.96,3,5,5,13,355,Loyal Customers,2
CUST-0166,3,26,58939.71,5,5,5,15,555,Champions,0
CUST-0167,140,6,3220.45,2,3,3,8,233,At Risk,2
CUST-0168,1,2,1035.72,5,1,3,9,513,New Customers,2
CUST-0169,315,1,46.96,1,1,1,3,111,Lost,1
CUST-0170,36,12,11467.77,3,4,5,12,345,Loyal Customers,2
CUST-0171,3,14,23527.98,5,5,5,15,555,Champions,0
CUST-0172,125,4,922.37,2,3,3,8,233,At Risk,2
CUST-0173,82,7,2089.86,2,4,3,9,243,At Risk,2
CUST-0174,180,3,740.81,2,2,2,6,222,Need Attention,1
CUST-0175,41,8,4481.82,3,4,4,11,344,Loyal Customers,2
CUST-0176,144,5,3071.62,2,3,3,8,233,At Risk,2
CUST-0177,353,1,163.81,1,1,1,3,111,Lost,1
CUST-0178,39,13,12125.35,3,5,5,13,355,Loyal Customers,2
CUST-0179,14,13,9198.6,4,5,4,13,454,Champions,2
CUST-0180,131,3,2325.2,2,2,3,7,223,Need Attention,2
CUST-0181,26,10,4030.72,3,4,4,11,344,Loyal Customers,2
CUST-0182,11,2,208.77,5,1,1,7,511,New Customers,2
CUST-0183,31,12,12296.07,3,4,5,12,345,Loyal Customers,2
CUST-0184,28,8,6030.31,3,4,4,11,344,Loyal Customers,2
CUST-0185,29,1,355.16,3,1,2,6,312,Need Attention,2
CUST-0186,14,26,23913.1,4,5,5,14,455,Champions,0
CUST-0187,296,1,167.8,1,1,1,3,111,Lost,1
CUST-0188,10,18,22742.0,5,5,5,15,555,Champions,0
CUST-0189,14,1,318.13,4,1,1,6,411,New Customers,2
CUST-0190,13,22,60192.56,4,5,5,14,455,Champions,0
CUST-0191,42,8,8779.24,3,4,4,11,344,Loyal Customers,2
CUST-0192,287,3,835.95,1,2,2,5,122,Lost,1
CUST-0193,9,2,816.41,5,1,2,8,512,New Customers,2
CUST-0194,131,4,2658.77,2,3,3,8,233,At Risk,2
CUST-0195,93,4,2615.02,2,3,3,8,233,At Risk,2
CUST-0196,28,2,468.06,3,1,2,6,312,Need Attention,2
CUST-0197,87,5,3331.68,2,3,3,8,233,At Risk,2
CUST-0198,99,3,1531.1,2,2,3,7,223,Need Attention,2
CUST-0199,14,12,10466.63,4,4,5,13,445,Champions,2
CUST-0200,40,6,4349.21,3,3,4,10,334,Loyal Customers,2
CUST-0201,17,7,8244.09,4,4,4,12,444,Champions,2
CUST-0202,99,5,2293.8,2,3,3,8,233,At Risk,2
CUST-0203,282,2,280.76,1,1,1,3,111,Lost,1
CUST-0204,331,1,75.26,1,1,1,3,111,Lost,1
CUST-0205,256,1,335.72,1,1,2,4,112,Lost,1
CUST-0206,4,2,1096.55,5,2,3,10,523,New Customers,2
CUST-0207,6,2,643.19,5,2,2,9,522,New Customers,2
CUST-0208,2,1,582.24,5,1,2,8,512,New Customers,2
CUST-0209,3,12,17397.37,5,4,5,14,545,Champions,2
CUST-0210,27,14,8429.15,3,5,4,12,354,Loyal Customers,2
CUST-0211,148,7,4722.12,2,4,4,10,244,At Risk,2
CUST-0212,134,5,1721.79,2,3,3,8,233,At Risk,2
CUST-0213,269,3,276.19,1,2,1,4,121,Lost,1
CUST-0214,22,1,137.18,4,1,1,6,411,New Customers,2
CUST-0215,16,12,6156.1,4,4,4,12,444,Champions,2
CUST-0216,31,6,6771.64,3,3,4,10,334,Loyal Customers,2
CUST-0217,5,1,292.14,5,1,1,7,511,New Customers,2
CUST-0218,116,7,3542.79,2,4,3,9,243,At Risk,2
CUST-0219,131,3,649.27,2,2,2,6,222,Need Attention,2
CUST-0220,25,1,341.28,3,1,2,6,312,Need Attention,2
CUST-0221,13,19,25643.29,4,5,5,14,455,Champions,0
CUST-0222,7,26,25263.52,5,5,5,15,555,Champions,0
CUST-0223,10,14,37516.47,5,5,5,15,555,Champions,0
CUST-0224,6,1,482.75,5,1,2,8,512,New Customers,2
CUST-0225,6,13,24245.33,5,5,5,15,555,Champions,0
CUST-0226,71,3,742.97,2,2,2,6,222,Need Attention,2
CUST-0227,26,2,760.02,3,2,2,7,322,Need Attention,2
CUST-0228,24,7,4872.44,3,4,4,11,344,Loyal Customers,2
CUST-0229,13,15,15912.59,4,5,5,14,455,Champions,2
CUST-0230,116,3,2285.65,2,2,3,7,223,Need Attention,2
CUST-0231,5,26,48341.84,5,5,5,15,555,Champions,0
CUST-0232,79,7,3086.55,2,4,3,9,243,At Risk,2
CUST-0233,92,6,2427.08,2,3,3,8,233,At Risk,2
CUST-0234,42,8,7333.65,3,4,4,11,344,Loyal Customers,2
CUST-0235,6,1,248.77,5,1,1,7,511,New Customers,2
CUST-0236,6,1,224.87,5,1,1,7,511,New Customers,2
CUST-0237,146,4,2643.07,2,3,3,8,233,At Risk,2
CUST-0238,71,4,2731.6,2,3,3,8,233,At Risk,2
CUST-0239,12,1,264.73,4,1,1,6,411,New Customers,2
CUST-0240,23,1,163.08,4,1,1,6,411,New Customers,2
CUST-0241,12,1,208.65,4,1,1,6,411,New Customers,2
CUST-0242,363,3,333.43,1,2,2,5,122,Lost,1
CUST-0243,113,4,1178.18,2,3,3,8,233,At Risk,2
CUST-0244,4,1,137.88,5,1,1,7,511,New Customers,2
CUST-0245,40,8,9736.91,3,4,4,11,344,Loyal Customers,2
CUST-0246,31,7,5155.06,3,4,4,11,344,Loyal Customers,2
CUST-0247,4,23,27206.37,5,5,5,15,555,Champions,0
CUST-0248,99,6,1668.78,2,3,3,8,233,At Risk,2
CUST-0249,91,5,2322.53,2,3,3,8,233,At Risk,2
CUST-0250,6,27,70261.86,5,5,5,15,555,Champions,0
CUST-0251,12,7,3579.24,4,4,3,11,443,Loyal Customers,2
CUST-0252,130,3,1882.56,2,2,3,7,223,Need Attention,2
CUST-0253,19,2,584.03,4,2,2,8,422,New Customers,2
CUST-0254,11,2,632.3,5,2,2,9,522,New Customers,2
CUST-0255,14,26,38303.76,4,5,5,14,455,Champions,0
CUST-0256,89,6,1539.84,2,3,3,8,233,At Risk,2
CUST-0257,266,1,121.39,1,1,1,3,111,Lost,1
CUST-0258,219,3,696.43,1,2,2,5,122,Lost,1
CUST-0259,222,1,227.18,1,1,1,3,111,Lost,1
CUST-0260,2,2,540.01,5,2,2,9,522,New Customers,2
CUST-0261,14,13,7814.14,4,5,4,13,454,Champions,2
CUST-0262,260,1,109.42,1,1,1,3,111,Lost,1
CUST-0263,364,2,228.24,1,2,1,4,121,Lost,1
CUST-0264,10,28,46861.05,5,5,5,15,555,Champions,0
CUST-0265,350,2,634.27,1,2,2,5,122,Lost,1
CUST-0266,1,16,31392.26,5,5,5,15,555,Champions,0
CUST-0267,12,14,16837.37,4,5,5,14,455,Champions,2
CUST-0268,12,18,29654.7,4,5,5,14,455,Champions,0
CUST-0269,30,11,13152.63,3,4,5,12,345,Loyal Customers,2
CUST-0270,22,1,290.16,4,1,1,6,411,New Customers,2
CUST-0271,24,1,260.97,3,1,1,5,311,Need Attention,2
CUST-0272,36,8,6563.46,3,4,4,11,344,Loyal Customers,2
CUST-0273,19,1,449.92,4,1,2,7,412,New Customers,2
CUST-0274,14,29,35022.79,4,5,5,14,455,Champions,0
CUST-0275,27,11,7463.8,3,4,4,11,344,Loyal Customers,2
CUST-0276,118,4,2214.71,2,3,3,8,233,At Risk,2
CUST-0277,11,17,33330.73,5,5,5,15,555,Champions,0
CUST-0278,116,6,1269.29,2,3,3,8,233,At Risk,2
CUST-0279,65,3,1398.68,2,2,3,7,223,Need Attention,2
CUST-0280,300,3,286.02,1,2,1,4,121,Lost,1
CUST-0281,323,1,67.1,1,1,1,3,111,Lost,1
CUST-0282,22,1,384.93,4,1,2,7,412,New Customers,2
CUST-0283,112,3,1683.79,2,2,3,7,223,Need Attention,2
CUST-0284,23,2,521.16,4,2,2,8,422,New Customers,2
CUST-0285,353,1,357.19,1,1,2,4,112,Lost,1
CUST-0286,273,2,194.79,1,2,1,4,121,Lost,1
CUST-0287,29,12,13015.07,3,4,5,12,345,Loyal Customers,2
CUST-0288,82,6,4248.66,2,3,4,9,234,At Risk,2
CUST-0289,3,2,411.5,5,2,2,9,522,New Customers,2
CUST-0290,93,5,3405.66,2,3,3,8,233,At Risk,2
CUST-0291,23,1,342.26,4,1,2,7,412,New Customers,2
CUST-0292,109,4,3275.1,2,3,3,8,233,At Risk,2
CUST-0293,13,8,5372.24,4,4,4,12,444,Champions,2
CUST-0294,4,19,20578.26,5,5,5,15,555,Champions,0
CUST-0295,40,12,7021.66,3,4,4,11,344,Loyal Customers,2
CUST-0296,220,3,513.31,1,2,2,5,122,Lost,1
CUST-0297,118,5,1931.54,2,3,3,8,233,At Risk,2
CUST-0298,186,3,573.73,1,2,2,5,122,Lost,1
CUST-0299,21,7,7612.13,4,4,4,12,444,Champions,2
CUST-0300,297,3,549.58,1,2,2,5,122,Lost,1
CUST-0301,33,12,7701.07,3,4,4,11,344,Loyal Customers,2
CUST-0302,4,1,200.77,5,1,1,7,511,New Customers,2
CUST-0303,39,6,4796.89,3,3,4,10,334,Loyal Customers,2
CUST-0304,5,2,564.86,5,2,2,9,522,New Customers,2
CUST-0305,89,4,2895.87,2,3,3,8,233,At Risk,2
CUST-0306,18,7,3885.7,4,4,4,12,444,Champions,2
CUST-0307,2,1,459.83,5,1,2,8,512,New Customers,2
CUST-0308,18,13,6997.39,4,5,4,13,454,Champions,2
CUST-0309,207,3,281.59,1,2,1,4,121,Lost,1
CUST-0310,29,7,4062.71,3,4,4,11,344,Loyal Customers,2
CUST-0311,1,1,201.39,5,1,1,7,511,New Customers,2
CUST-0312,11,25,27484.14,5,5,5,15,555,Champions,0
CUST-0313,29,2,1030.81,3,2,3,8,323,Need Attention,2
CUST-0314,9,18,28204.88,5,5,5,15,555,Champions,0
CUST-0315,40,11,12285.12,3,4,5,12,345,Loyal Customers,2
CUST-0316,75,3,1385.03,2,2,3,7,223,Need Attention,2
CUST-0317,248,2,267.29,1,2,1,4,121,Lost,1
CUST-0318,284,1,105.05,1,1,1,3,111,Lost,1
CUST-0319,41,14,6337.02,3,5,4,12,354,Loyal Customers,2
CUST-0320,8,12,22486.8,5,4,5,14,545,Champions,2
CUST-0321,3,15,19574.88,5,5,5,15,555,Champions,2
CUST-0322,13,28,48777.2,4,5,5,14,455,Champions,0
CUST-0323,308,1,151.59,1,1,1,3,111,Lost,1
CUST-0324,11,12,18168.43,5,4,5,14,545,Champions,2
CUST-0325,22,2,769.9,4,2,2,8,422,New Customers,2
CUST-0326,43,8,8153.21,3,4,4,11,344,Loyal Customers,2
CUST-0327,23,10,9086.82,4,4,4,12,444,Champions,2
CUST-0328,136,6,3801.7,2,3,3,8,233,At Risk,2
CUST-0329,267,1,118.28,1,1,1,3,111,Lost,1
CUST-0330,10,1,209.72,5,1,1,7,511,New Customers,2
CUST-0331,73,5,3538.43,2,3,3,8,233,At Risk,2
CUST-0332,41,11,9071.17,3,4,4,11,344,Loyal Customers,2
CUST-0333,118,3,1737.48,2,2,3,7,223,Need Attention,2
CUST-0334,26,1,359.71,3,1,2,6,312,Need Attention,2
CUST-0335,17,2,632.28,4,2,2,8,422,New Customers,2
CUST-0336,14,11,6692.44,4,4,4,12,444,Champions,2
CUST-0337,286,3,863.74,1,2,3,6,123,Lost,1
CUST-0338,127,7,3529.68,2,4,3,9,243,At Risk,2
CUST-0339,240,2,278.3,1,2,1,4,121,Lost,1
CUST-0340,17,12,5747.73,4,4,4,12,444,Champions,2
CUST-0341,67,3,2369.04,2,2,3,7,223,Need Attention,2
CUST-0342,344,3,576.67,1,2,2,5,122,Lost,1
CUST-0343,12,12,8199.55,4,4,4,12,444,Champions,2
CUST-0344,229,1,177.22,1,1,1,3,111,Lost,1
CUST-0345,243,2,446.41,1,2,2,5,122,Lost,1
CUST-0346,14,2,298.63,4,2,1,7,421,New Customers,2
CUST-0347,326,1,270.11,1,1,1,3,111,Lost,1
CUST-0348,242,1,157.28,1,1,1,3,111,Lost,1
CUST-0349,113,4,886.93,2,3,3,8,233,At Risk,2
CUST-0350,358,1,132.0,1,1,1,3,111,Lost,1
CUST-0351,27,1,358.28,3,1,2,6,312,Need Attention,2
CUST-0352,10,23,47018.75,5,5,5,15,555,Champions,0
CUST-0353,21,2,964.85,4,2,3,9,423,New Customers,2
CUST-0354,10,14,10167.17,5,5,5,15,555,Champions,2
CUST-0355,12,17,22103.53,4,5,5,14,455,Champions,0
CUST-0356,41,13,9535.45,3,5,4,12,354,Loyal Customers,2
CUST-0357,84,6,4520.46,2,3,4,9,234,At Risk,2
CUST-0358,132,3,1581.51,2,2,3,7,223,Need Attention,2
CUST-0359,118,3,1852.98,2,2,3,7,223,Need Attention,2
CUST-0360,77,6,4616.46,2,3,4,9,234,At Risk,2
CUST-0361,3,23,34669.61,5,5,5,15,555,Champions,0
CUST-0362,12,2,817.52,4,2,2,8,422,New Customers,2
CUST-0363,137,7,1685.57,2,4,3,9,243,At Risk,2
CUST-0364,27,7,3295.58,3,4,3,10,343,Loyal Customers,2
CUST-0365,38,12,6979.22,3,4,4,11,344,Loyal Customers,2
CUST-0366,285,2,251.36,1,2,1,4,121,Lost,1
CUST-0367,29,12,14266.5,3,4,5,12,345,Loyal Customers,2
CUST-0368,116,5,1233.32,2,3,3,8,233,At Risk,2
CUST-0369,7,2,1018.85,5,2,3,10,523,New Customers,2
CUST-0370,87,3,1693.61,2,2,3,7,223,Need Attention,2
CUST-0371,60,4,2350.17,3,3,3,9,333,Loyal Customers,2
CUST-0372,39,9,5281.06,3,4,4,11,344,Loyal Customers,2
CUST-0373,306,3,467.96,1,2,2,5,122,Lost,1
CUST-0374,241,1,51.4,1,1,1,3,111,Lost,1
CUST-0375,19,10,7911.69,4,4,4,12,444,Champions,2
CUST-0376,32,6,3418.39,3,3,3,9,333,Loyal Customers,2
CUST-0377,189,2,153.22,1,2,1,4,121,Lost,1
CUST-0378,344,3,779.36,1,2,2,5,122,Lost,1
CUST-0379,24,1,480.95,3,1,2,6,312,Need Attention,2
CUST-0380,28,2,451.3,3,2,2,7,322,Need Attention,2
CUST-0381,29,12,5317.77,3,4,4,11,344,Loyal Customers,2
CUST-0382,13,11,4915.05,4,4,4,12,444,Champions,2
CUST-0383,29,12,7997.59,3,4,4,11,344,Loyal Customers,2
CUST-0384,60,5,1442.46,3,3,3,9,333,Loyal Customers,2
CUST-0385,42,6,6825.64,3,3,4,10,334,Loyal Customers,2
CUST-0386,65,5,1358.69,2,3,3,8,233,At Risk,2
CUST-0387,87,6,4371.16,2,3,4,9,234,At Risk,2
CUST-0388,26,13,8155.33,3,5,4,12,354,Loyal Customers,2
CUST-0389,292,1,153.77,1,1,1,3,111,Lost,1
CUST-0390,227,1,103.68,1,1,1,3,111,Lost,1
CUST-0391,3,20,53229.6,5,5,5,15,555,Champions,0
CUST-0392,128,4,1049.51,2,3,3,8,233,At Risk,2
CUST-0393,183,1,205.03,2,1,1,4,211,Need Attention,1
CUST-0394,10,18,44937.96,5,5,5,15,555,Champions,0
CUST-0395,43,6,5587.33,3,3,4,10,334,Loyal Customers,2
CUST-0396,200,2,450.65,1,2,2,5,122,Lost,1
CUST-0397,12,7,7714.93,4,4,4,12,444,Champions,2
CUST-0398,19,14,11604.1,4,5,5,14,455,Champions,2
CUST-0399,8,17,39275.49,5,5,5,15,555,Champions,0
CUST-0400,89,7,2880.69,2,4,3,9,243,At Risk,2
CUST-0401,24,2,310.39,3,2,1,6,321,Need Attention,2
CUST-0402,76,5,1433.78,2,3,3,8,233,At Risk,2
CUST-0403,193,3,618.56,1,2,2,5,122,Lost,1
CUST-0404,20,1,166.25,4,1,1,6,411,New Customers,2
CUST-0405,65,7,4407.91,2,4,4,10,244,At Risk,2
CUST-0406,35,14,14887.08,3,5,5,13,355,Loyal Customers,2
CUST-0407,14,23,36764.35,4,5,5,14,455,Champions,0
CUST-0408,358,1,70.33,1,1,1,3,111,Lost,1
CUST-0409,204,1,282.3,1,1,1,3,111,Lost,1
CUST-0410,84,5,2112.73,2,3,3,8,233,At Risk,2
CUST-0411,133,6,4513.82,2,3,4,9,234,At Risk,2
CUST-0412,144,7,3415.24,2,4,3,9,243,At Risk,2
CUST-0413,86,6,1851.4,2,3,3,8,233,At Risk,2
CUST-0414,13,1,483.71,4,1,2,7,412,New Customers,2
CUST-0415,23,11,14077.95,4,4,5,13,445,Champions,2
CUST-0416,181,2,501.08,2,2,2,6,222,Need Attention,1
CUST-0417,8,19,50565.26,5,5,5,15,555,Champions,0
CUST-0418,12,26,27993.66,4,5,5,14,455,Champions,0
CUST-0419,29,7,8508.54,3,4,4,11,344,Loyal Customers,2
CUST-0420,232,1,107.02,1,1,1,3,111,Lost,1
CUST-0421,141,6,1510.76,2,3,3,8,233,At Risk,2
CUST-0422,202,1,158.26,1,1,1,3,111,Lost,1
CUST-0423,31,9,3583.57,3,4,3,10,343,Loyal Customers,2
CUST-0424,22,2,768.48,4,2,2,8,422,New Customers,2
CUST-0425,280,1,156.43,1,1,1,3,111,Lost,1
CUST-0426,12,2,812.9,4,2,2,8,422,New Customers,2
CUST-0427,3,15,21161.65,5,5,5,15,555,Champions,0
CUST-0428,35,6,3928.81,3,3,4,10,334,Loyal Customers,2
CUST-0429,73,4,1676.34,2,3,3,8,233,At Risk,2
CUST-0430,121,4,1703.75,2,3,3,8,233,At Risk,2
CUST-0431,271,2,694.3,1,2,2,5,122,Lost,1
CUST-0432,13,28,49362.08,4,5,5,14,455,Champions,0
CUST-0433,28,1,565.17,3,1,2,6,312,Need Attention,2
CUST-0434,192,3,184.12,1,2,1,4,121,Lost,1
CUST-0435,25,2,229.81,3,2,1,6,321,Need Attention,2
CUST-0436,29,8,8885.7,3,4,4,11,344,Loyal Customers,2
CUST-0437,325,3,799.91,1,2,2,5,122,Lost,1
CUST-0438,362,3,368.27,1,2,2,5,122,Lost,1
CUST-0439,76,3,1718.93,2,2,3,7,223,Need Attention,2
CUST-0440,2,13,36895.02,5,5,5,15,555,Champions,0
CUST-0441,29,7,4839.35,3,4,4,11,344,Loyal Customers,2
CUST-0442,28,1,212.1,3,1,1,5,311,Need Attention,2
CUST-0443,18,1,250.6,4,1,1,6,411,New Customers,2
CUST-0444,241,3,304.95,1,2,1,4,121,Lost,1
CUST-0445,334,1,302.38,1,1,1,3,111,Lost,1
CUST-0446,21,1,400.39,4,1,2,7,412,New Customers,2
CUST-0447,41,7,4849.32,3,4,4,11,344,Loyal Customers,2
CUST-0448,9,15,32523.97,5,5,5,15,555,Champions,0
CUST-0449,1,13,35673.89,5,5,5,15,555,Champions,0
CUST-0450,77,4,1739.96,2,3,3,8,233,At Risk,2
CUST-0451,8,1,153.91,5,1,1,7,511,New Customers,2
CUST-0452,141,7,5245.14,2,4,4,10,244,At Risk,2
CUST-0453,288,3,682.83,1,2,2,5,122,Lost,1
CUST-0454,3,1,297.69,5,1,1,7,511,New Customers,2
CUST-0455,22,7,4722.45,4,4,4,12,444,Champions,2
CUST-0456,23,14,5801.35,4,5,4,13,454,Champions,2
CUST-0457,4,12,33598.81,5,4,5,14,545,Champions,0
CUST-0458,214,1,66.97,1,1,1,3,111,Lost,1
CUST-0459,4,1,641.13,5,1,2,8,512,New Customers,2
CUST-0460,28,8,7819.41,3,4,4,11,344,Loyal Customers,2
CUST-0461,207,3,241.88,1,2,1,4,121,Lost,1
CUST-0462,76,7,5834.61,2,4,4,10,244,At Risk,2
CUST-0463,12,12,4850.65,4,4,4,12,444,Champions,2
CUST-0464,28,2,1058.66,3,2,3,8,323,Need Attention,2
CUST-0465,10,10,10156.26,5,4,5,14,545,Champions,2
CUST-0466,22,9,7062.9,4,4,4,12,444,Champions,2
CUST-0467,64,4,1313.57,3,3,3,9,333,Loyal Customers,2
CUST-0468,117,3,1381.78,2,2,3,7,223,Need Attention,2
CUST-0469,9,1,272.12,5,1,1,7,511,New Customers,2
CUST-0470,115,5,2941.05,2,3,3,8,233,At Risk,2
CUST-0471,141,5,1602.44,2,3,3,8,233,At Risk,2
CUST-0472,14,27,37924.25,4,5,5,14,455,Champions,0
CUST-0473,26,1,197.8,3,1,1,5,311,Need Attention,2
CUST-0474,35,6,4884.48,3,3,4,10,334,Loyal Customers,2
CUST-0475,66,3,619.03,2,2,2,6,222,Need Attention,2
CUST-0476,249,1,130.08,1,1,1,3,111,Lost,1
CUST-0477,27,12,5206.76,3,4,4,11,344,Loyal Customers,2
CUST-0478,33,14,13157.55,3,5,5,13,355,Loyal Customers,2
CUST-0479,79,5,1330.46,2,3,3,8,233,At Risk,2
CUST-0480,77,7,5170.7,2,4,4,10,244,At Risk,2
CUST-0481,11,25,22356.75,5,5,5,15,555,Champions,0
CUST-0482,2,1,519.06,5,1,2,8,512,New Customers,2
CUST-0483,9,13,23625.63,5,5,5,15,555,Champions,0
CUST-0484,15,2,580.15,4,2,2,8,422,New Customers,2
CUST-0485,9,2,353.89,5,2,2,9,522,New Customers,2
CUST-0486,15,2,422.6,4,2,2,8,422,New Customers,2
CUST-0487,26,2,242.34,3,2,1,6,321,Need Attention,2
CUST-0488,354,1,193.17,1,1,1,3,111,Lost,1
CUST-0489,286,2,217.96,1,2,1,4,121,Lost,1
CUST-0490,28,7,3774.31,3,4,3,10,343,Loyal Customers,2
CUST-0491,10,16,30054.99,5,5,5,15,555,Champions,0
CUST-0492,22,10,6007.67,4,4,4,12,444,Champions,2
CUST-0493,9,26,38891.6,5,5,5,15,555,Champions,0
CUST-0494,1,1,426.42,5,1,2,8,512,New Customers,2
CUST-0495,7,12,12743.86,5,4,5,14,545,Champions,2
CUST-0496,4,2,610.09,5,2,2,9,522,New Customers,2
CUST-0497,117,5,3048.78,2,3,3,8,233,At Risk,2
CUST-0498,11,2,927.18,5,2,3,10,523,New Customers,2
CUST-0499,310,2,163.41,1,2,1,4,121,Lost,1
CUST-0500,22,1,192.9,4,1,1,6,411,New Customers,2
CUST-0501,146,6,3702.19,2,3,3,8,233,At Risk,2
CUST-0502,362,3,444.23,1,2,2,5,122,Lost,1
CUST-0503,19,1,470.45,4,1,2,7,412,New Customers,2
CUST-0504,16,8,8404.34,4,4,4,12,444,Champions,2
CUST-0505,13,9,7087.85,4,4,4,12,444,Champions,2
CUST-0506,1,1,390.79,5,1,2,8,512,New Customers,2
CUST-0507,114,6,3785.96,2,3,3,8,233,At Risk,2
CUST-0508,1,23,23077.33,5,5,5,15,555,Champions,0
CUST-0509,33,11,12342.02,3,4,5,12,345,Loyal Customers,2
CUST-0510,13,13,8343.03,4,5,4,13,454,Champions,2
CUST-0511,10,20,32504.45,5,5,5,15,555,Champions,0
CUST-0512,13,2,307.12,4,2,1,7,421,New Customers,2
CUST-0513,41,9,5975.47,3,4,4,11,344,Loyal Customers,2
CUST-0514,96,7,4248.55,2,4,4,10,244,At Risk,2
CUST-0515,1,29,49143.95,5,5,5,15,555,Champions,0
CUST-0516,320,1,321.06,1,1,1,3,111,Lost,1
CUST-0517,8,2,330.26,5,2,2,9,522,New Customers,2
CUST-0518,94,5,3951.68,2,3,4,9,234,At Risk,2
CUST-0519,194,2,194.76,1,2,1,4,121,Lost,1
CUST-0520,19,2,543.71,4,2,2,8,422,New Customers,2
CUST-0521,321,2,561.79,1,2,2,5,122,Lost,1
CUST-0522,43,9,3638.88,3,4,3,10,343,Loyal Customers,2
CUST-0523,10,15,12573.68,5,5,5,15,555,Champions,2
CUST-0524,3,1,412.89,5,1,2,8,512,New Customers,2
CUST-0525,69,5,4024.08,2,3,4,9,234,At Risk,2
CUST-0526,186,1,125.01,1,1,1,3,111,Lost,1
CUST-0527,111,6,2557.32,2,3,3,8,233,At Risk,2
CUST-0528,34,11,8827.42,3,4,4,11,344,Loyal Customers,2
CUST-0529,34,14,10541.81,3,5,5,13,355,Loyal Customers,2
CUST-0530,4,2,977.78,5,2,3,10,523,New Customers,2
CUST-0531,6,2,330.89,5,2,2,9,522,New Customers,2
CUST-0532,4,15,34893.27,5,5,5,15,555,Champions,0
CUST-0533,104,7,2185.14,2,4,3,9,243,At Risk,2
CUST-0534,200,2,190.81,1,2,1,4,121,Lost,1
CUST-0535,27,2,230.26,3,2,1,6,321,Need Attention,2
CUST-0536,43,8,8384.09,3,4,4,11,344,Loyal Customers,2
CUST-0537,79,7,3172.8,2,4,3,9,243,At Risk,2
CUST-0538,104,3,2262.68,2,2,3,7,223,Need Attention,2
CUST-0539,38,14,14116.96,3,5,5,13,355,Loyal Customers,2
CUST-0540,105,6,1496.39,2,3,3,8,233,At Risk,2
CUST-0541,2,23,54950.38,5,5,5,15,555,Champions,0
CUST-0542,15,1,267.81,4,1,1,6,411,New Customers,2
CUST-0543,7,1,362.78,5,1,2,8,512,New Customers,2
CUST-0544,23,10,9363.85,4,4,4,12,444,Champions,2
CUST-0545,139,6,1812.76,2,3,3,8,233,At Risk,2
CUST-0546,117,4,1163.45,2,3,3,8,233,At Risk,2
CUST-0547,196,2,499.06,1,2,2,5,122,Lost,1
CUST-0548,3,1,297.29,5,1,1,7,511,New Customers,2
CUST-0549,43,7,6500.65,3,4,4,11,344,Loyal Customers,2
CUST-0550,17,1,164.15,4,1,1,6,411,New Customers,2
CUST-0551,24,12,8170.83,3,4,4,11,344,Loyal Customers,2
CUST-0552,28,1,166.04,3,1,1,5,311,Need Attention,2
CUST-0553,18,8,5834.58,4,4,4,12,444,Champions,2
CUST-0554,142,6,1599.46,2,3,3,8,233,At Risk,2
CUST-0555,363,2,416.72,1,2,2,5,122,Lost,1
CUST-0556,275,3,170.53,1,2,1,4,121,Lost,1
CUST-0557,132,3,1490.28,2,2,3,7,223,Need Attention,2
CUST-0558,22,1,446.34,4,1,2,7,412,New Customers,2
CUST-0559,242,3,709.26,1,2,2,5,122,Lost,1
CUST-0560,21,1,232.49,4,1,1,6,411,New Customers,2
CUST-0561,39,9,12011.98,3,4,5,12,345,Loyal Customers,2
CUST-0562,6,25,73170.91,5,5,5,15,555,Champions,0
CUST-0563,338,1,344.31,1,1,2,4,112,Lost,1
CUST-0564,93,5,3235.43,2,3,3,8,233,At Risk,2
CUST-0565,29,6,3628.01,3,3,3,9,333,Loyal Customers,2
CUST-0566,21,12,13510.58,4,4,5,13,445,Champions,2
CUST-0567,10,2,307.3,5,2,1,8,521,New Customers,2
CUST-0568,6,22,30650.0,5,5,5,15,555,Champions,0
CUST-0569,22,6,4918.45,4,3,4,11,434,Loyal Customers,2
CUST-0570,13,21,62064.88,4,5,5,14,455,Champions,0
CUST-0571,43,13,5370.02,3,5,4,12,354,Loyal Customers,2
CUST-0572,9,1,448.89,5,1,2,8,512,New Customers,2
CUST-0573,27,10,7514.55,3,4,4,11,344,Loyal Customers,2
CUST-0574,29,7,5472.99,3,4,4,11,344,Loyal Customers,2
CUST-0575,22,9,9737.11,4,4,4,12,444,Champions,2
CUST-0576,245,3,970.32,1,2,3,6,123,Lost,1
CUST-0577,12,6,3868.3,4,3,4,11,434,Loyal Customers,2
CUST-0578,66,6,2896.59,2,3,3,8,233,At Risk,2
CUST-0579,10,19,19636.78,5,5,5,15,555,Champions,0
CUST-0580,132,7,2715.49,2,4,3,9,243,At Risk,2
CUST-0581,13,26,32912.01,4,5,5,14,455,Champions,0
CUST-0582,34,14,12366.7,3,5,5,13,355,Loyal Customers,2
CUST-0583,8,18,44889.61,5,5,5,15,555,Champions,0
CUST-0584,21,2,532.42,4,2,2,8,422,New Customers,2
CUST-0585,5,23,65337.74,5,5,5,15,555,Champions,0
CUST-0586,255,3,630.79,1,2,2,5,122,Lost,1
CUST-0587,13,22,18844.73,4,5,5,14,455,Champions,0
CUST-0588,40,9,4888.7,3,4,4,11,344,Loyal Customers,2
CUST-0589,292,3,612.04,1,2,2,5,122,Lost,1
CUST-0590,34,7,3574.08,3,4,3,10,343,Loyal Customers,2
CUST-0591,24,2,685.93,3,2,2,7,322,Need Attention,2
CUST-0592,103,3,1713.97,2,2,3,7,223,Need Attention,2
CUST-0593,9,13,21048.52,5,5,5,15,555,Champions,2
CUST-0594,13,8,3542.72,4,4,3,11,443,Loyal Customers,2
CUST-0595,118,5,3423.75,2,3,3,8,233,At Risk,2
CUST-0596,17,1,305.97,4,1,1,6,411,New Customers,2
CUST-0597,4,20,21202.55,5,5,5,15,555,Champions,0
CUST-0598,34,11,3944.71,3,4,4,11,344,Loyal Customers,2
CUST-0599,138,6,3949.12,2,3,4,9,234,At Risk,2
CUST-0600,5,1,401.3,5,1,2,8,512,New Customers,2
CUST-0601,245,3,744.01,1,2,2,5,122,Lost,1
CUST-0602,252,3,173.64,1,2,1,4,121,Lost,1
CUST-0603,28,13,6720.75,3,5,4,12,354,Loyal Customers,2
CUST-0604,200,2,546.93,1,2,2,5,122,Lost,1
CUST-0605,16,1,386.29,4,1,2,7,412,New Customers,2
CUST-0606,140,7,4674.98,2,4,4,10,244,At Risk,2
CUST-0607,210,3,208.52,1,2,1,4,121,Lost,1
CUST-0608,11,1,493.41,5,1,2,8,512,New Customers,2
CUST-0609,11,17,29141.3,5,5,5,15,555,Champions,0
CUST-0610,5,13,24664.89,5,5,5,15,555,Champions,0
CUST-0611,11,1,249.0,5,1,1,7,511,New Customers,2
CUST-0612,17,11,6162.62,4,4,4,12,444,Champions,2
CUST-0613,84,3,1905.43,2,2,3,7,223,Need Attention,2
CUST-0614,44,8,3439.03,3,4,3,10,343,Loyal Customers,2
CUST-0615,26,7,4038.35,3,4,4,11,344,Loyal Customers,2
CUST-0616,273,1,187.1,1,1,1,3,111,Lost,1
CUST-0617,26,10,4430.26,3,4,4,11,344,Loyal Customers,2
CUST-0618,94,6,3999.67,2,3,4,9,234,At Risk,2
CUST-0619,23,2,429.04,4,2,2,8,422,New Customers,2
CUST-0620,24,1,193.02,3,1,1,5,311,Need Attention,2
CUST-0621,14,17,26780.18,4,5,5,14,455,Champions,0
CUST-0622,66,5,2780.24,2,3,3,8,233,At Risk,2
CUST-0623,133,4,3096.38,2,3,3,8,233,At Risk,2
CUST-0624,25,9,5280.4,3,4,4,11,344,Loyal Customers,2
CUST-0625,230,2,107.58,1,2,1,4,121,Lost,1
CUST-0626,337,2,195.78,1,2,1,4,121,Lost,1
CUST-0627,23,1,339.09,4,1,2,7,412,New Customers,2
CUST-0628,13,1,178.95,4,1,1,6,411,New Customers,2
CUST-0629,288,2,579.34,1,2,2,5,122,Lost,1
CUST-0630,99,6,1502.82,2,3,3,8,233,At Risk,2
CUST-0631,259,2,255.87,1,2,1,4,121,Lost,1
CUST-0632,69,4,2617.5,2,3,3,8,233,At Risk,2
CUST-0633,13,25,29787.96,4,5,5,14,455,Champions,0
CUST-0634,1,29,48386.01,5,5,5,15,555,Champions,0
CUST-0635,8,2,523.61,5,2,2,9,522,New Customers,2
CUST-0636,32,9,5684.78,3,4,4,11,344,Loyal Customers,2
CUST-0637,93,7,3138.07,2,4,3,9,243,At Risk,2
CUST-0638,109,5,1245.34,2,3,3,8,233,At Risk,2
CUST-0639,27,13,12035.25,3,5,5,13,355,Loyal Customers,2
CUST-0640,230,1,153.91,1,1,1,3,111,Lost,1
CUST-0641,113,3,1270.51,2,2,3,7,223,Need Attention,2
CUST-0642,2,23,22787.96,5,5,5,15,555,Champions,0
CUST-0643,255,3,830.32,1,2,2,5,122,Lost,1
CUST-0644,142,4,1965.63,2,3,3,8,233,At Risk,2
CUST-0645,85,3,597.29,2,2,2,6,222,Need Attention,2
CUST-0646,27,1,428.99,3,1,2,6,312,Need Attention,2
CUST-0647,36,11,13202.29,3,4,5,12,345,Loyal Customers,2
CUST-0648,33,9,5227.17,3,4,4,11,344,Loyal Customers,2
CUST-0649,215,3,758.22,1,2,2,5,122,Lost,1
CUST-0650,21,12,7755.5,4,4,4,12,444,Champions,2
CUST-0651,24,1,128.01,3,1,1,5,311,Need Attention,2
CUST-0652,22,2,1048.68,4,2,3,9,423,New Customers,2
CUST-0653,30,11,7111.4,3,4,4,11,344,Loyal Customers,2
CUST-0654,1,1,151.19,5,1,1,7,511,New Customers,2
CUST-0655,356,3,796.51,1,2,2,5,122,Lost,1
CUST-0656,149,4,2437.82,2,3,3,8,233,At Risk,2
CUST-0657,15,1,139.94,4,1,1,6,411,New Customers,2
CUST-0658,20,9,4517.31,4,4,4,12,444,Champions,2
CUST-0659,257,2,378.36,1,2,2,5,122,Lost,1
CUST-0660,180,2,457.47,2,2,2,6,222,Need Attention,1
CUST-0661,268,2,305.2,1,2,1,4,121,Lost,1
CUST-0662,101,4,1720.48,2,3,3,8,233,At Risk,2
CUST-0663,88,3,2017.26,2,2,3,7,223,Need Attention,2
CUST-0664,5,27,35623.77,5,5,5,15,555,Champions,0
CUST-0665,280,3,790.76,1,2,2,5,122,Lost,1
CUST-0666,3,29,46339.98,5,5,5,15,555,Champions,0
CUST-0667,16,11,7923.1,4,4,4,12,444,Champions,2
CUST-0668,31,10,5473.32,3,4,4,11,344,Loyal Customers,2
CUST-0669,20,2,762.37,4,2,2,8,422,New Customers,2
CUST-0670,38,12,7297.04,3,4,4,11,344,Loyal Customers,2
CUST-0671,25,1,209.31,3,1,1,5,311,Need Attention,2
CUST-0672,10,16,24590.34,5,5,5,15,555,Champions,0
CUST-0673,250,3,482.51,1,2,2,5,122,Lost,1
CUST-0674,2,20,20364.72,5,5,5,15,555,Champions,0
CUST-0675,11,2,603.51,5,2,2,9,522,New Customers,2
CUST-0676,240,2,618.3,1,2,2,5,122,Lost,1
CUST-0677,1,1,329.29,5,1,2,8,512,New Customers,2
CUST-0678,3,21,44294.31,5,5,5,15,555,Champions,0
CUST-0679,43,9,5843.58,3,4,4,11,344,Loyal Customers,2
CUST-0680,61,7,4928.36,3,4,4,11,344,Loyal Customers,2
CUST-0681,10,12,13729.8,5,4,5,14,545,Champions,2
CUST-0682,19,9,3427.1,4,4,3,11,443,Loyal Customers,2
CUST-0683,25,1,245.22,3,1,1,5,311,Need Attention,2
CUST-0684,229,1,170.0,1,1,1,3,111,Lost,1
CUST-0685,16,10,8021.11,4,4,4,12,444,Champions,2
CUST-0686,39,9,9870.47,3,4,4,11,344,Loyal Customers,2
CUST-0687,191,1,105.7,1,1,1,3,111,Lost,1
CUST-0688,109,3,2069.07,2,2,3,7,223,Need Attention,2
CUST-0689,92,3,1625.75,2,2,3,7,223,Need Attention,2
CUST-0690,290,3,760.66,1,2,2,5,122,Lost,1
CUST-0691,2,16,18924.1,5,5,5,15,555,Champions,0
CUST-0692,28,14,11324.75,3,5,5,13,355,Loyal Customers,2
CUST-0693,97,7,3364.3,2,4,3,9,243,At Risk,2
CUST-0694,14,2,553.4,4,2,2,8,422,New Customers,2
CUST-0695,60,3,591.19,3,2,2,7,322,Need Attention,2
CUST-0696,25,2,397.02,3,2,2,7,322,Need Attention,2
CUST-0697,14,21,34884.32,4,5,5,14,455,Champions,0
CUST-0698,23,1,266.34,4,1,1,6,411,New Customers,2
CUST-0699,9,2,876.16,5,2,3,10,523,New Customers,2
CUST-0700,5,2,833.4,5,2,2,9,522,New Customers,2
CUST-0701,26,2,257.52,3,2,1,6,321,Need Attention,2
CUST-0702,4,1,209.96,5,1,1,7,511,New Customers,2
CUST-0703,26,13,7636.54,3,5,4,12,354,Loyal Customers,2
CUST-0704,26,1,239.11,3,1,1,5,311,Need Attention,2
CUST-0705,354,1,288.72,1,1,1,3,111,Lost,1
CUST-0706,64,4,1768.89,3,3,3,9,333,Loyal Customers,2
CUST-0707,4,1,380.95,5,1,2,8,512,New Customers,2
CUST-0708,43,12,7354.31,3,4,4,11,344,Loyal Customers,2
CUST-0709,12,1,332.68,4,1,2,7,412,New Customers,2
CUST-0710,7,1,111.37,5,1,1,7,511,New Customers,2
CUST-0711,10,2,436.46,5,2,2,9,522,New Customers,2
CUST-0712,30,9,5612.1,3,4,4,11,344,Loyal Customers,2
CUST-0713,13,27,60442.33,4,5,5,14,455,Champions,0
CUST-0714,109,7,3433.83,2,4,3,9,243,At Risk,2
CUST-0715,11,2,539.94,5,2,2,9,522,New Customers,2
CUST-0716,355,2,571.62,1,2,2,5,122,Lost,1
CUST-0717,27,7,3512.48,3,4,3,10,343,Loyal Customers,2
CUST-0718,22,8,3390.69,4,4,3,11,443,Loyal Customers,2
CUST-0719,122,3,2469.51,2,2,3,7,223,Need Attention,2
CUST-0720,21,13,13192.38,4,5,5,14,455,Champions,2
CUST-0721,2,1,515.17,5,1,2,8,512,New Customers,2
CUST-0722,96,4,2164.82,2,3,3,8,233,At Risk,2
CUST-0723,43,6,6239.67,3,3,4,10,334,Loyal Customers,2
CUST-0724,71,3,1055.61,2,2,3,7,223,Need Attention,2
CUST-0725,246,2,337.35,1,2,2,5,122,Lost,1
CUST-0726,146,5,3187.49,2,3,3,8,233,At Risk,2
CUST-0727,17,1,515.38,4,1,2,7,412,New Customers,2
CUST-0728,25,6,4523.76,3,3,4,10,334,Loyal Customers,2
CUST-0729,12,2,540.54,4,2,2,8,422,New Customers,2
CUST-0730,317,2,301.99,1,2,1,4,121,Lost,1
CUST-0731,37,10,11902.91,3,4,5,12,345,Loyal Customers,2
CUST-0732,226,3,683.39,1,2,2,5,122,Lost,1
CUST-0733,6,2,861.13,5,2,3,10,523,New Customers,2
CUST-0734,18,2,356.05,4,2,2,8,422,New Customers,2
CUST-0735,337,2,588.99,1,2,2,5,122,Lost,1
CUST-0736,20,6,3087.32,4,3,3,10,433,Loyal Customers,2
CUST-0737,40,14,9345.11,3,5,4,12,354,Loyal Customers,2
CUST-0738,40,8,5016.85,3,4,4,11,344,Loyal Customers,2
CUST-0739,257,3,244.68,1,2,1,4,121,Lost,1
CUST-0740,129,3,1372.08,2,2,3,7,223,Need Attention,2
CUST-0741,23,9,6715.61,4,4,4,12,444,Champions,2
CUST-0742,42,12,7526.92,3,4,4,11,344,Loyal Customers,2
CUST-0743,4,29,60220.43,5,5,5,15,555,Champions,0
CUST-0744,319,3,552.42,1,2,2,5,122,Lost,1
CUST-0745,15,12,7782.21,4,4,4,12,444,Champions,2
CUST-0746,13,15,27524.73,4,5,5,14,455,Champions,0
CUST-0747,42,11,8118.13,3,4,4,11,344,Loyal Customers,2
CUST-0748,7,17,26410.65,5,5,5,15,555,Champions,0
CUST-0749,330,1,78.63,1,1,1,3,111,Lost,1
CUST-0750,27,14,11695.74,3,5,5,13,355,Loyal Customers,2
CUST-0751,1,22,58695.69,5,5,5,15,555,Champions,0
CUST-0752,22,13,10200.41,4,5,5,14,455,Champions,2
CUST-0753,6,2,319.59,5,2,1,8,521,New Customers,2
CUST-0754,205,3,399.47,1,2,2,5,122,Lost,1
CUST-0755,28,1,247.64,3,1,1,5,311,Need Attention,2
CUST-0756,18,1,231.15,4,1,1,6,411,New Customers,2
CUST-0757,23,2,485.65,4,2,2,8,422,New Customers,2
CUST-0758,270,2,204.7,1,2,1,4,121,Lost,1
CUST-0759,38,14,16970.29,3,5,5,13,355,Loyal Customers,2
CUST-0760,65,5,2002.97,2,3,3,8,233,At Risk,2
CUST-0761,22,12,14201.36,4,4,5,13,445,Champions,2
CUST-0762,26,11,6005.63,3,4,4,11,344,Loyal Customers,2
CUST-0763,85,3,1504.97,2,2,3,7,223,Need Attention,2
CUST-0764,22,6,5250.65,4,3,4,11,434,Loyal Customers,2
CUST-0765,7,1,564.06,5,1,2,8,512,New Customers,2
CUST-0766,102,3,1692.53,2,2,3,7,223,Need Attention,2
CUST-0767,19,2,800.15,4,2,2,8,422,New Customers,2
CUST-0768,8,14,35313.5,5,5,5,15,555,Champions,0
CUST-0769,23,12,12920.19,4,4,5,13,445,Champions,2
CUST-0770,83,4,1426.29,2,3,3,8,233,At Risk,2
CUST-0771,323,1,269.31,1,1,1,3,111,Lost,1
CUST-0772,302,3,725.79,1,2,2,5,122,Lost,1
CUST-0773,13,1,298.62,4,1,1,6,411,New Customers,2
CUST-0774,29,2,391.87,3,2,2,7,322,Need Attention,2
CUST-0775,315,2,104.59,1,2,1,4,121,Lost,1
CUST-0776,70,5,3042.43,2,3,3,8,233,At Risk,2
CUST-0777,139,5,1196.74,2,3,3,8,233,At Risk,2
CUST-0778,133,7,3776.66,2,4,3,9,243,At Risk,2
CUST-0779,10,1,277.39,5,1,1,7,511,New Customers,2
CUST-0780,19,10,10615.54,4,4,5,13,445,Champions,2
CUST-0781,26,2,1001.7,3,2,3,8,323,Need Attention,2
CUST-0782,12,9,8405.59,4,4,4,12,444,Champions,2
CUST-0783,13,11,8808.77,4,4,4,12,444,Champions,2
CUST-0784,21,1,170.73,4,1,1,6,411,New Customers,2
CUST-0785,251,2,415.68,1,2,2,5,122,Lost,1
CUST-0786,338,1,168.0,1,1,1,3,111,Lost,1
CUST-0787,3,2,907.82,5,2,3,10,523,New Customers,2
CUST-0788,116,7,4171.45,2,4,4,10,244,At Risk,2
CUST-0789,125,5,1125.0,2,3,3,8,233,At Risk,2
CUST-0790,116,3,1169.76,2,2,3,7,223,Need Attention,2
CUST-0791,78,7,3022.61,2,4,3,9,243,At Risk,2
CUST-0792,29,7,6709.6,3,4,4,11,344,Loyal Customers,2
CUST-0793,13,23,38449.65,4,5,5,14,455,Champions,0
CUST-0794,40,7,7187.44,3,4,4,11,344,Loyal Customers,2
CUST-0795,12,2,675.75,4,2,2,8,422,New Customers,2
CUST-0796,3,12,26582.9,5,4,5,14,545,Champions,0
CUST-0797,354,2,167.27,1,2,1,4,121,Lost,1
CUST-0798,125,5,3963.22,2,3,4,9,234,At Risk,2
CUST-0799,2,27,70746.71,5,5,5,15,555,Champions,0
CUST-0800,351,2,128.14,1,2,1,4,121,Lost,1
CUST-0801,29,7,6956.11,3,4,4,11,344,Loyal Customers,2
CUST-0802,289,2,478.89,1,2,2,5,122,Lost,1
CUST-0803,234,1,327.29,1,1,1,3,111,Lost,1
CUST-0804,18,1,537.37,4,1,2,7,412,New Customers,2
CUST-0805,304,3,198.77,1,2,1,4,121,Lost,1
CUST-0806,27,1,236.75,3,1,1,5,311,Need Attention,2
CUST-0807,3,18,44980.25,5,5,5,15,555,Champions,0
CUST-0808,27,1,308.4,3,1,1,5,311,Need Attention,2
CUST-0809,40,14,16196.1,3,5,5,13,355,Loyal Customers,2
CUST-0810,27,6,6002.36,3,3,4,10,334,Loyal Customers,2
CUST-0811,25,2,1022.79,3,2,3,8,323,Need Attention,2
CUST-0812,349,2,129.01,1,2,1,4,121,Lost,1
CUST-0813,142,3,2090.62,2,2,3,7,223,Need Attention,2
CUST-0814,1,1,275.37,5,1,1,7,511,New Customers,2
CUST-0815,16,7,5790.38,4,4,4,12,444,Champions,2
CUST-0816,6,2,868.09,5,2,3,10,523,New Customers,2
CUST-0817,30,10,5148.8,3,4,4,11,344,Loyal Customers,2
CUST-0818,14,9,6771.43,4,4,4,12,444,Champions,2
CUST-0819,33,6,4132.58,3,3,4,10,334,Loyal Customers,2
CUST-0820,201,2,172.62,1,2,1,4,121,Lost,1
CUST-0821,103,4,1001.69,2,3,3,8,233,At Risk,2
CUST-0822,233,1,99.63,1,1,1,3,111,Lost,1
CUST-0823,13,2,364.35,4,2,2,8,422,New Customers,2
CUST-0824,9,1,150.87,5,1,1,7,511,New Customers,2
CUST-0825,11,2,377.18,5,2,2,9,522,New Customers,2
CUST-0826,20,1,363.92,4,1,2,7,412,New Customers,2
CUST-0827,88,7,2427.56,2,4,3,9,243,At Risk,2
CUST-0828,39,12,12548.36,3,4,5,12,345,Loyal Customers,2
CUST-0829,27,1,153.3,3,1,1,5,311,Need Attention,2
CUST-0830,2,2,642.55,5,2,2,9,522,New Customers,2
CUST-0831,25,14,13107.13,3,5,5,13,355,Loyal Customers,2
CUST-0832,27,2,982.51,3,2,3,8,323,Need Attention,2
CUST-0833,274,1,192.13,1,1,1,3,111,Lost,1
CUST-0834,128,3,2150.65,2,2,3,7,223,Need Attention,2
CUST-0835,108,7,4600.59,2,4,4,10,244,At Risk,2
CUST-0836,17,2,192.31,4,2,1,7,421,New Customers,2
CUST-0837,26,14,11652.61,3,5,5,13,355,Loyal Customers,2
CUST-0838,3,13,16469.59,5,5,5,15,555,Champions,2
CUST-0839,218,2,236.66,1,2,1,4,121,Lost,1
CUST-0840,299,3,205.54,1,2,1,4,121,Lost,1
CUST-0841,94,7,2243.39,2,4,3,9,243,At Risk,2
CUST-0842,252,3,784.15,1,2,2,5,122,Lost,1
CUST-0843,10,14,36469.2,5,5,5,15,555,Champions,0
CUST-0844,14,2,204.49,4,2,1,7,421,New Customers,2
CUST-0845,109,4,1674.54,2,3,3,8,233,At Risk,2
CUST-0846,1,14,18255.82,5,5,5,15,555,Champions,2
CUST-0847,20,1,183.41,4,1,1,6,411,New Customers,2
CUST-0848,11,29,39135.45,5,5,5,15,555,Champions,0
CUST-0849,360,2,137.04,1,2,1,4,121,Lost,1
CUST-0850,123,4,2316.46,2,3,3,8,233,At Risk,2
CUST-0851,35,12,5268.67,3,4,4,11,344,Loyal Customers,2
CUST-0852,75,4,2101.13,2,3,3,8,233,At Risk,2
CUST-0853,134,5,1990.67,2,3,3,8,233,At Risk,2
CUST-0854,20,11,10697.56,4,4,5,13,445,Champions,2
CUST-0855,103,5,2811.22,2,3,3,8,233,At Risk,2
CUST-0856,302,2,592.24,1,2,2,5,122,Lost,1
CUST-0857,9,1,468.2,5,1,2,8,512,New Customers,2
CUST-0858,210,1,161.36,1,1,1,3,111,Lost,1
CUST-0859,4,2,298.78,5,2,1,8,521,New Customers,2
CUST-0860,341,3,177.84,1,2,1,4,121,Lost,1
CUST-0861,14,23,42495.93,4,5,5,14,455,Champions,0
CUST-0862,3,2,404.21,5,2,2,9,522,New Customers,2
CUST-0863,17,1,176.15,4,1,1,6,411,New Customers,2
CUST-0864,17,9,7249.66,4,4,4,12,444,Champions,2
CUST-0865,16,1,354.75,4,1,2,7,412,New Customers,2
CUST-0866,38,13,12037.94,3,5,5,13,355,Loyal Customers,2
CUST-0867,13,17,25715.07,4,5,5,14,455,Champions,0
CUST-0868,28,6,5963.91,3,3,4,10,334,Loyal Customers,2
CUST-0869,2,23,52603.18,5,5,5,15,555,Champions,0
CUST-0870,66,3,2503.15,2,2,3,7,223,Need Attention,2
CUST-0871,262,1,131.13,1,1,1,3,111,Lost,1
CUST-0872,108,7,2854.12,2,4,3,9,243,At Risk,2
CUST-0873,124,5,1071.17,2,3,3,8,233,At Risk,2
CUST-0874,22,13,8955.78,4,5,4,13,454,Champions,2
CUST-0875,69,4,2231.82,2,3,3,8,233,At Risk,2
CUST-0876,34,13,5643.82,3,5,4,12,354,Loyal Customers,2
CUST-0877,108,7,5157.31,2,4,4,10,244,At Risk,2
CUST-0878,44,9,9390.14,3,4,4,11,344,Loyal Customers,2
CUST-0879,6,1,312.3,5,1,1,7,511,New Customers,2
CUST-0880,25,2,259.43,3,2,1,6,321,Need Attention,2
CUST-0881,20,11,9243.95,4,4,4,12,444,Champions,2
CUST-0882,92,4,1059.28,2,3,3,8,233,At Risk,2
CUST-0883,12,1,301.73,4,1,1,6,411,New Customers,2
CUST-0884,69,3,1546.88,2,2,3,7,223,Need Attention,2
CUST-0885,12,14,6889.71,4,5,4,13,454,Champions,2
CUST-0886,268,1,294.98,1,1,1,3,111,Lost,1
CUST-0887,31,6,5411.61,3,3,4,10,334,Loyal Customers,2
CUST-0888,9,2,888.57,5,2,3,10,523,New Customers,2
CUST-0889,16,2,274.79,4,2,1,7,421,New Customers,2
CUST-0890,309,1,200.08,1,1,1,3,111,Lost,1
CUST-0891,226,3,833.24,1,2,2,5,122,Lost,1
CUST-0892,10,8,4708.41,5,4,4,13,544,Champions,2
CUST-0893,37,14,14635.98,3,5,5,13,355,Loyal Customers,2
CUST-0894,30,6,4874.17,3,3,4,10,334,Loyal Customers,2
CUST-0895,10,16,35577.7,5,5,5,15,555,Champions,0
CUST-0896,11,2,851.96,5,2,2,9,522,New Customers,2
CUST-0897,188,1,228.87,1,1,1,3,111,Lost,1
CUST-0898,6,28,83100.27,5,5,5,15,555,Champions,0
CUST-0899,11,8,5829.72,5,4,4,13,544,Champions,2
CUST-0900,241,1,131.9,1,1,1,3,111,Lost,1
CUST-0901,285,2,286.29,1,2,1,4,121,Lost,1
CUST-0902,326,3,499.72,1,3,2,6,132,Need Attention,1
CUST-0903,9,2,854.46,5,2,2,9,522,New Customers,2
CUST-0904,2,29,66953.05,5,5,5,15,555,Champions,0
CUST-0905,20,11,13518.81,4,4,5,13,445,Champions,2
CUST-0906,44,9,6924.69,3,4,4,11,344,Loyal Customers,2
CUST-0907,12,1,543.97,4,1,2,7,412,New Customers,2
CUST-0908,7,18,40776.72,5,5,5,15,555,Champions,0
CUST-0909,38,6,4051.08,3,3,4,10,334,Loyal Customers,2
CUST-0910,136,3,901.49,2,3,3,8,233,At Risk,2
CUST-0911,10,15,23598.1,5,5,5,15,555,Champions,0
CUST-0912,120,4,1311.2,2,3,3,8,233,At Risk,2
CUST-0913,4,2,1018.52,5,2,3,10,523,New Customers,2
CUST-0914,27,1,124.34,3,1,1,5,311,Need Attention,2
CUST-0915,21,10,11354.65,4,4,5,13,445,Champions,2
CUST-0916,92,7,2479.32,2,4,3,9,243,At Risk,2
CUST-0917,128,5,1975.89,2,3,3,8,233,At Risk,2
CUST-0918,2,26,42167.0,5,5,5,15,555,Champions,0
CUST-0919,4,1,421.57,5,1,2,8,512,New Customers,2
CUST-0920,325,2,285.19,1,2,1,4,121,Lost,1
CUST-0921,25,2,587.72,3,2,2,7,322,Need Attention,2
CUST-0922,1,2,909.94,5,2,3,10,523,New Customers,2
CUST-0923,89,5,1709.62,2,3,3,8,233,At Risk,2
CUST-0924,26,13,7214.48,3,5,4,12,354,Loyal Customers,2
CUST-0925,97,7,3500.17,2,4,3,9,243,At Risk,2
CUST-0926,247,3,250.21,1,3,1,5,131,Need Attention,1
CUST-0927,41,9,7718.04,3,4,4,11,344,Loyal Customers,2
CUST-0928,23,11,6231.58,4,4,4,12,444,Champions,2
CUST-0929,4,1,350.05,5,1,2,8,512,New Customers,2
CUST-0930,278,2,189.69,1,2,1,4,121,Lost,1
CUST-0931,347,1,243.43,1,1,1,3,111,Lost,1
CUST-0932,99,4,737.34,2,3,2,7,232,Need Attention,2
CUST-0933,20,2,266.37,4,2,1,7,421,New Customers,2
CUST-0934,328,3,124.93,1,3,1,5,131,Need Attention,1
CUST-0935,143,4,1720.74,2,3,3,8,233,At Risk,2
CUST-0936,115,7,2645.97,2,4,3,9,243,At Risk,2
CUST-0937,21,2,708.7,4,2,2,8,422,New Customers,2
CUST-0938,60,6,1958.88,3,3,3,9,333,Loyal Customers,2
CUST-0939,72,6,1515.03,2,3,3,8,233,At Risk,2
CUST-0940,315,1,281.04,1,1,1,3,111,Lost,1
CUST-0941,24,2,824.58,3,2,2,7,322,Need Attention,2
CUST-0942,140,4,2817.19,2,3,3,8,233,At Risk,2
CUST-0943,236,1,82.46,1,1,1,3,111,Lost,1
CUST-0944,21,9,6260.14,4,4,4,12,444,Champions,2
CUST-0945,6,1,220.83,5,1,1,7,511,New Customers,2
CUST-0946,39,8,5855.35,3,4,4,11,344,Loyal Customers,2
CUST-0947,206,2,557.39,1,2,2,5,122,Lost,1
CUST-0948,142,4,2184.21,2,3,3,8,233,At Risk,2
CUST-0949,219,2,581.53,1,2,2,5,122,Lost,1
CUST-0950,8,22,47774.66,5,5,5,15,555,Champions,0
CUST-0951,26,10,7558.04,3,4,4,11,344,Loyal Customers,2
CUST-0952,103,7,2013.53,2,4,3,9,243,At Risk,2
CUST-0953,359,3,472.36,1,3,2,6,132,Need Attention,1
CUST-0954,193,2,361.66,1,2,2,5,122,Lost,1
CUST-0955,82,3,1773.44,2,3,3,8,233,At Risk,2
CUST-0956,121,3,2137.65,2,3,3,8,233,At Risk,2
CUST-0957,4,14,37718.31,5,5,5,15,555,Champions,0
CUST-0958,17,1,363.95,4,1,2,7,412,New Customers,2
CUST-0959,5,25,25842.31,5,5,5,15,555,Champions,0
CUST-0960,17,2,908.31,4,2,3,9,423,New Customers,2
CUST-0961,19,6,2754.18,4,3,3,10,433,Loyal Customers,2
CUST-0962,3,1,429.52,5,1,2,8,512,New Customers,2
CUST-0963,90,3,834.03,2,3,2,7,232,Need Attention,2
CUST-0964,7,28,60966.9,5,5,5,15,555,Champions,0
CUST-0965,284,1,140.38,1,1,1,3,111,Lost,1
CUST-0966,11,20,17852.72,5,5,5,15,555,Champions,0
CUST-0967,29,11,11567.34,3,4,5,12,345,Loyal Customers,2
CUST-0968,343,1,205.04,1,1,1,3,111,Lost,1
CUST-0969,5,13,15726.53,5,5,5,15,555,Champions,2
CUST-0970,2,2,922.63,5,2,3,10,523,New Customers,2
CUST-0971,18,13,14318.44,4,5,5,14,455,Champions,2
CUST-0972,350,3,218.72,1,3,1,5,131,Need Attention,1
CUST-0973,14,10,5298.83,4,4,4,12,444,Champions,2
CUST-0974,16,1,400.71,4,1,2,7,412,New Customers,2
CUST-0975,67,4,1172.99,2,3,3,8,233,At Risk,2
CUST-0976,20,11,5828.8,4,4,4,12,444,Champions,2
CUST-0977,26,1,168.58,3,1,1,5,311,Need Attention,2
CUST-0978,20,14,8386.94,4,5,4,13,454,Champions,2
CUST-0979,14,19,43871.37,4,5,5,14,455,Champions,0
CUST-0980,26,1,464.97,3,1,2,6,312,Need Attention,2
CUST-0981,269,3,505.61,1,3,2,6,132,Need Attention,1
CUST-0982,224,1,191.43,1,1,1,3,111,Lost,1
CUST-0983,17,2,729.89,4,2,2,8,422,New Customers,2
CUST-0984,225,1,241.04,1,1,1,3,111,Lost,1
CUST-0985,16,2,1057.15,4,2,3,9,423,New Customers,2
CUST-0986,13,13,28390.06,4,5,5,14,455,Champions,0
CUST-0987,270,2,548.84,1,2,2,5,122,Lost,1
CUST-0988,204,1,55.15,1,1,1,3,111,Lost,1
CUST-0989,318,3,499.0,1,3,2,6,132,Need Attention,1
CUST-0990,40,12,8001.35,3,4,4,11,344,Loyal Customers,2
CUST-0991,92,7,5383.72,2,4,4,10,244,At Risk,2
CUST-0992,185,1,194.79,1,1,1,3,111,Lost,1
CUST-0993,278,1,277.15,1,1,1,3,111,Lost,1
CUST-0994,75,7,4761.49,2,4,4,10,244,At Risk,2
CUST-0995,16,11,5725.08,4,4,4,12,444,Champions,2
CUST-0996,3,1,366.92,5,1,2,8,512,New Customers,2
CUST-0997,14,12,6171.11,4,4,4,12,444,Champions,2
CUST-0998,224,3,696.31,1,3,2,6,132,Need Attention,1
CUST-0999,229,2,458.31,1,2,2,5,122,Lost,1
CUST-1000,80,7,2927.32,2,4,3,9,243,At Risk,2
CUST-1001,323,2,544.43,1,2,2,5,122,Lost,1
CUST-1002,42,7,6517.68,3,4,4,11,344,Loyal Customers,2
CUST-1003,214,3,661.24,1,3,2,6,132,Need Attention,1
CUST-1004,14,2,1105.86,4,2,3,9,423,New Customers,2
CUST-1005,351,2,353.35,1,2,2,5,122,Lost,1
CUST-1006,16,1,101.33,4,1,1,6,411,New Customers,2
CUST-1007,33,8,6918.27,3,4,4,11,344,Loyal Customers,2
CUST-1008,4,2,764.83,5,2,2,9,522,New Customers,2
CUST-1009,342,2,507.19,1,2,2,5,122,Lost,1
CUST-1010,25,1,464.89,3,1,2,6,312,Need Attention,2
CUST-1011,30,6,4597.53,3,3,4,10,334,Loyal Customers,2
CUST-1012,103,4,1451.29,2,3,3,8,233,At Risk,2
CUST-1013,1,19,49686.44,5,5,5,15,555,Champions,0
CUST-1014,23,8,4382.56,4,4,4,12,444,Champions,2
CUST-1015,14,2,552.5,4,2,2,8,422,New Customers,2
CUST-1016,120,5,1003.77,2,3,3,8,233,At Risk,2
CUST-1017,14,23,66062.28,4,5,5,14,455,Champions,0
CUST-1018,144,3,1268.92,2,3,3,8,233,At Risk,2
CUST-1019,40,10,4846.32,3,4,4,11,344,Loyal Customers,2
CUST-1020,181,3,638.09,2,3,2,7,232,Need Attention,1
CUST-1021,115,3,1973.08,2,3,3,8,233,At Risk,2
CUST-1022,22,7,3525.74,4,4,3,11,443,Loyal Customers,2
CUST-1023,15,9,8497.62,4,4,4,12,444,Champions,2
CUST-1024,12,12,8146.08,4,4,4,12,444,Champions,2
CUST-1025,26,14,9736.15,3,5,4,12,354,Loyal Customers,2
CUST-1026,12,24,39788.56,4,5,5,14,455,Champions,0
CUST-1027,101,5,2513.43,2,3,3,8,233,At Risk,2
CUST-1028,16,2,974.42,4,2,3,9,423,New Customers,2
CUST-1029,14,26,57728.81,4,5,5,14,455,Champions,0
CUST-1030,10,24,51104.4,5,5,5,15,555,Champions,0
CUST-1031,218,2,263.53,1,2,1,4,121,Lost,1
CUST-1032,353,1,112.28,1,1,1,3,111,Lost,1
CUST-1033,5,2,930.6,5,2,3,10,523,New Customers,2
CUST-1034,221,2,472.91,1,2,2,5,122,Lost,1
CUST-1035,9,21,53044.5,5,5,5,15,555,Champions,0
CUST-1036,42,7,6941.42,3,4,4,11,344,Loyal Customers,2
CUST-1037,15,10,7332.8,4,4,4,12,444,Champions,2
CUST-1038,12,22,19921.83,4,5,5,14,455,Champions,0
CUST-1039,10,1,233.65,5,1,1,7,511,New Customers,2
CUST-1040,26,2,482.6,3,2,2,7,322,Need Attention,2
CUST-1041,115,7,5027.48,2,4,4,10,244,At Risk,2
CUST-1042,69,7,3199.76,2,4,3,9,243,At Risk,2
CUST-1043,37,10,10802.23,3,4,5,12,345,Loyal Customers,2
CUST-1044,37,9,5496.3,3,4,4,11,344,Loyal Customers,2
CUST-1045,248,2,350.25,1,2,2,5,122,Lost,1
CUST-1046,20,6,7544.28,4,3,4,11,434,Loyal Customers,2
CUST-1047,295,1,73.11,1,1,1,3,111,Lost,1
CUST-1048,38,12,4857.25,3,4,4,11,344,Loyal Customers,2
CUST-1049,26,6,4186.86,3,3,4,10,334,Loyal Customers,2
CUST-1050,279,3,231.82,1,3,1,5,131,Need Attention,1
CUST-1051,290,1,230.76,1,1,1,3,111,Lost,1
CUST-1052,3,29,39430.42,5,5,5,15,555,Champions,0
CUST-1053,20,1,178.64,4,1,1,6,411,New Customers,2
CUST-1054,180,1,49.37,2,1,1,4,211,Need Attention,1
CUST-1055,106,7,2708.29,2,4,3,9,243,At Risk,2
CUST-1056,40,7,5425.74,3,4,4,11,344,Loyal Customers,2
CUST-1057,5,12,34828.95,5,4,5,14,545,Champions,0
CUST-1058,11,27,21493.94,5,5,5,15,555,Champions,0
CUST-1059,91,3,779.22,2,3,2,7,232,Need Attention,2
CUST-1060,13,1,131.4,4,1,1,6,411,New Customers,2
CUST-1061,20,11,8996.78,4,4,4,12,444,Champions,2
CUST-1062,35,12,11165.68,3,4,5,12,345,Loyal Customers,2
CUST-1063,68,4,2301.81,2,3,3,8,233,At Risk,2
CUST-1064,123,7,3367.01,2,4,3,9,243,At Risk,2
CUST-1065,7,1,366.57,5,1,2,8,512,New Customers,2
CUST-1066,3,18,18746.38,5,5,5,15,555,Champions,0
CUST-1067,36,7,7243.92,3,4,4,11,344,Loyal Customers,2
CUST-1068,135,7,2335.65,2,4,3,9,243,At Risk,2
CUST-1069,22,9,9726.44,4,4,4,12,444,Champions,2
CUST-1070,9,1,542.51,5,1,2,8,512,New Customers,2
CUST-1071,18,1,314.19,4,1,1,6,411,New Customers,2
CUST-1072,92,4,2346.1,2,3,3,8,233,At Risk,2
CUST-1073,14,1,140.29,4,1,1,6,411,New Customers,2
CUST-1074,71,4,2974.74,2,3,3,8,233,At Risk,2
CUST-1075,98,4,1225.62,2,3,3,8,233,At Risk,2
CUST-1076,22,6,7133.49,4,3,4,11,434,Loyal Customers,2
CUST-1077,27,10,10846.06,3,4,5,12,345,Loyal Customers,2
CUST-1078,238,3,358.91,1,3,2,6,132,Need Attention,1
CUST-1079,3,19,58103.84,5,5,5,15,555,Champions,0
CUST-1080,27,1,407.05,3,1,2,6,312,Need Attention,2
CUST-1081,141,3,1152.29,2,3,3,8,233,At Risk,2
CUST-1082,146,6,3215.08,2,3,3,8,233,At Risk,2
CUST-1083,76,4,3152.77,2,3,3,8,233,At Risk,2
CUST-1084,9,1,310.69,5,1,1,7,511,New Customers,2
CUST-1085,89,7,2333.72,2,4,3,9,243,At Risk,2
CUST-1086,23,8,5261.81,4,4,4,12,444,Champions,2
CUST-1087,16,8,6496.73,4,4,4,12,444,Champions,2
CUST-1088,30,11,5846.15,3,4,4,11,344,Loyal Customers,2
CUST-1089,331,1,252.89,1,1,1,3,111,Lost,1
CUST-1090,9,24,62585.8,5,5,5,15,555,Champions,0
CUST-1091,344,2,181.02,1,2,1,4,121,Lost,1
CUST-1092,14,13,27476.87,4,5,5,14,455,Champions,0
CUST-1093,17,12,5508.53,4,5,4,13,454,Champions,2
CUST-1094,24,12,12421.21,3,5,5,13,355,Loyal Customers,2
CUST-1095,248,1,152.51,1,1,1,3,111,Lost,1
CUST-1096,350,2,467.14,1,2,2,5,122,Lost,1
CUST-1097,27,2,535.77,3,2,2,7,322,Need Attention,2
CUST-1098,290,1,100.44,1,1,1,3,111,Lost,1
CUST-1099,20,2,788.53,4,2,2,8,422,New Customers,2
CUST-1100,16,13,5172.38,4,5,4,13,454,Champions,2
CUST-1101,275,2,269.39,1,2,1,4,121,Lost,1
CUST-1102,25,11,11199.82,3,4,5,12,345,Loyal Customers,2
CUST-1103,24,1,200.87,3,1,1,5,311,Need Attention,2
CUST-1104,40,10,8770.65,3,4,4,11,344,Loyal Customers,2
CUST-1105,303,3,264.13,1,3,1,5,131,Need Attention,1
CUST-1106,16,1,89.27,4,1,1,6,411,New Customers,2
CUST-1107,9,13,19466.83,5,5,5,15,555,Champions,2
CUST-1108,4,16,38126.77,5,5,5,15,555,Champions,0
CUST-1109,28,11,5575.0,3,4,4,11,344,Loyal Customers,2
CUST-1110,36,14,9157.2,3,5,4,12,354,Loyal Customers,2
CUST-1111,3,1,208.45,5,1,1,7,511,New Customers,2
CUST-1112,8,2,839.68,5,2,2,9,522,New Customers,2
CUST-1113,70,5,2681.0,2,3,3,8,233,At Risk,2
CUST-1114,16,1,244.06,4,1,1,6,411,New Customers,2
CUST-1115,2,1,356.41,5,1,2,8,512,New Customers,2
CUST-1116,14,1,509.49,4,1,2,7,412,New Customers,2
CUST-1117,10,15,36399.42,5,5,5,15,555,Champions,0
CUST-1118,31,7,6735.22,3,4,4,11,344,Loyal Customers,2
CUST-1119,97,6,1846.91,2,3,3,8,233,At Risk,2
CUST-1120,23,2,479.67,4,2,2,8,422,New Customers,2
CUST-1121,3,15,18077.54,5,5,5,15,555,Champions,2
CUST-1122,20,12,12868.67,4,5,5,14,455,Champions,2
CUST-1123,5,22,52799.69,5,5,5,15,555,Champions,0
CUST-1124,32,12,9363.21,3,5,4,12,354,Loyal Customers,2
CUST-1125,137,3,1152.53,2,3,3,8,233,At Risk,2
CUST-1126,14,1,248.79,4,1,1,6,411,New Customers,2
CUST-1127,100,4,2765.56,2,3,3,8,233,At Risk,2
CUST-1128,110,7,5270.19,2,4,4,10,244,At Risk,2
CUST-1129,14,1,105.36,4,1,1,6,411,New Customers,2
CUST-1130,20,9,11621.29,4,4,5,13,445,Champions,2
CUST-1131,287,1,300.02,1,1,1,3,111,Lost,1
CUST-1132,44,9,4254.54,3,4,4,11,344,Loyal Customers,2
CUST-1133,26,8,5456.64,3,4,4,11,344,Loyal Customers,2
CUST-1134,36,10,3718.42,3,4,3,10,343,Loyal Customers,2
CUST-1135,42,7,6764.29,3,4,4,11,344,Loyal Customers,2
CUST-1136,14,13,15678.12,4,5,5,14,455,Champions,2
CUST-1137,7,21,50999.48,5,5,5,15,555,Champions,0
CUST-1138,38,6,5830.48,3,3,4,10,334,Loyal Customers,2
CUST-1139,4,21,33898.91,5,5,5,15,555,Champions,0
CUST-1140,36,9,10335.6,3,4,5,12,345,Loyal Customers,2
CUST-1141,35,12,11053.9,3,5,5,13,355,Loyal Customers,2
CUST-1142,129,7,1912.42,2,4,3,9,243,At Risk,2
CUST-1143,15,1,161.6,4,1,1,6,411,New Customers,2
CUST-1144,3,1,346.3,5,1,2,8,512,New Customers,2
CUST-1145,16,14,16354.78,4,5,5,14,455,Champions,2
CUST-1146,362,3,697.34,1,3,2,6,132,Need Attention,1
CUST-1147,124,5,2814.55,2,3,3,8,233,At Risk,2
CUST-1148,19,1,376.73,4,1,2,7,412,New Customers,2
CUST-1149,11,2,468.83,5,2,2,9,522,New Customers,2
CUST-1150,29,2,846.86,3,2,2,7,322,Need Attention,2
CUST-1151,9,12,35546.6,5,5,5,15,555,Champions,0
CUST-1152,11,2,584.83,5,2,2,9,522,New Customers,2
CUST-1153,216,3,307.76,1,3,1,5,131,Need Attention,1
CUST-1154,205,1,68.26,1,1,1,3,111,Lost,1
CUST-1155,97,6,2015.97,2,3,3,8,233,At Risk,2
CUST-1156,13,1,272.39,4,1,1,6,411,New Customers,2
CUST-1157,15,1,167.14,4,1,1,6,411,New Customers,2
CUST-1158,116,5,2712.26,2,3,3,8,233,At Risk,2
CUST-1159,9,28,28563.26,5,5,5,15,555,Champions,0
CUST-1160,1,23,65052.42,5,5,5,15,555,Champions,0
CUST-1161,73,4,1038.37,2,3,3,8,233,At Risk,2
CUST-1162,20,1,479.29,4,1,2,7,412,New Customers,2
CUST-1163,253,2,223.07,1,2,1,4,121,Lost,1
CUST-1164,9,21,38623.9,5,5,5,15,555,Champions,0
CUST-1165,14,29,48506.28,4,5,5,14,455,Champions,0
CUST-1166,301,2,188.7,1,2,1,4,121,Lost,1
CUST-1167,12,19,28561.83,4,5,5,14,455,Champions,0
CUST-1168,13,26,28928.15,4,5,5,14,455,Champions,0
CUST-1169,24,10,8558.86,3,4,4,11,344,Loyal Customers,2
CUST-1170,26,9,7990.7,3,4,4,11,344,Loyal Customers,2
CUST-1171,11,1,366.01,5,1,2,8,512,New Customers,2
CUST-1172,36,6,5520.36,3,3,4,10,334,Loyal Customers,2
CUST-1173,31,11,4639.8,3,4,4,11,344,Loyal Customers,2
CUST-1174,322,3,238.76,1,3,1,5,131,Need Attention,1
CUST-1175,17,10,9585.58,4,4,4,12,444,Champions,2
CUST-1176,26,11,8307.75,3,4,4,11,344,Loyal Customers,2
CUST-1177,126,4,749.51,2,3,2,7,232,Need Attention,2
CUST-1178,12,26,35948.99,4,5,5,14,455,Champions,0
CUST-1179,276,1,97.02,1,1,1,3,111,Lost,1
CUST-1180,13,2,261.53,4,2,1,7,421,New Customers,2
CUST-1181,44,12,13626.36,3,5,5,13,355,Loyal Customers,2
CUST-1182,16,2,201.12,4,2,1,7,421,New Customers,2
CUST-1183,22,7,7270.17,4,4,4,12,444,Champions,2
CUST-1184,69,4,3384.61,2,3,3,8,233,At Risk,2
CUST-1185,318,3,687.88,1,3,2,6,132,Need Attention,1
CUST-1186,24,2,645.04,3,2,2,7,322,Need Attention,2
CUST-1187,43,10,6976.99,3,4,4,11,344,Loyal Customers,2
CUST-1188,29,2,1058.21,3,2,3,8,323,Need Attention,2
CUST-1189,124,7,3706.01,2,4,3,9,243,At Risk,2
CUST-1190,12,1,359.4,4,1,2,7,412,New Customers,2
CUST-1191,11,1,273.53,5,1,1,7,511,New Customers,2
CUST-1192,146,7,4852.46,2,4,4,10,244,At Risk,2
CUST-1193,353,1,168.38,1,1,1,3,111,Lost,1
CUST-1194,4,25,31696.4,5,5,5,15,555,Champions,0
CUST-1195,253,1,82.6,1,1,1,3,111,Lost,1
CUST-1196,38,9,5351.02,3,4,4,11,344,Loyal Customers,2
CUST-1197,200,3,346.32,1,3,2,6,132,Need Attention,1
CUST-1198,9,12,34510.23,5,5,5,15,555,Champions,0
CUST-1199,9,13,18565.15,5,5,5,15,555,Champions,2
CUST-1200,79,6,3756.58,2,3,3,8,233,At Risk,2
CUST-1201,119,4,1356.17,2,3,3,8,233,At Risk,2
CUST-1202,331,3,524.36,1,3,2,6,132,Need Attention,1
CUST-1203,23,1,166.59,4,1,1,6,411,New Customers,2
CUST-1204,328,1,150.74,1,1,1,3,111,Lost,1
CUST-1205,82,7,2031.8,2,4,3,9,243,At Risk,2
CUST-1206,39,6,6374.56,3,3,4,10,334,Loyal Customers,2
CUST-1207,30,8,3493.03,3,4,3,10,343,Loyal Customers,2
CUST-1208,32,14,14444.66,3,5,5,13,355,Loyal Customers,2
CUST-1209,113,4,1912.53,2,3,3,8,233,At Risk,2
CUST-1210,106,3,1494.92,2,3,3,8,233,At Risk,2
CUST-1211,23,9,7225.97,4,4,4,12,444,Champions,2
CUST-1212,244,2,139.0,1,2,1,4,121,Lost,1
CUST-1213,29,1,251.0,3,1,1,5,311,Need Attention,2
CUST-1214,108,4,2690.4,2,3,3,8,233,At Risk,2
CUST-1215,96,5,2602.33,2,3,3,8,233,At Risk,2
CUST-1216,202,3,460.24,1,3,2,6,132,Need Attention,1
CUST-1217,9,2,728.61,5,2,2,9,522,New Customers,2
CUST-1218,17,7,8328.61,4,4,4,12,444,Champions,2
CUST-1219,26,7,5734.3,3,4,4,11,344,Loyal Customers,2
CUST-1220,44,10,4550.64,3,4,4,11,344,Loyal Customers,2
CUST-1221,10,8,6442.01,5,4,4,13,544,Champions,2
CUST-1222,251,2,354.25,1,2,2,5,122,Lost,1
CUST-1223,364,1,67.28,1,1,1,3,111,Lost,1
CUST-1224,85,5,2583.38,2,3,3,8,233,At Risk,2
CUST-1225,19,12,6824.14,4,5,4,13,454,Champions,2
CUST-1226,101,7,4136.32,2,4,4,10,244,At Risk,2
CUST-1227,37,12,9118.89,3,5,4,12,354,Loyal Customers,2
CUST-1228,276,2,171.73,1,2,1,4,121,Lost,1
CUST-1229,219,1,145.43,1,1,1,3,111,Lost,1
CUST-1230,29,11,7105.13,3,4,4,11,344,Loyal Customers,2
CUST-1231,10,2,855.23,5,2,2,9,522,New Customers,2
CUST-1232,9,1,586.38,5,1,2,8,512,New Customers,2
CUST-1233,8,1,111.48,5,1,1,7,511,New Customers,2
CUST-1234,361,1,65.1,1,1,1,3,111,Lost,1
CUST-1235,14,10,6775.68,4,4,4,12,444,Champions,2
CUST-1236,8,27,58339.61,5,5,5,15,555,Champions,0
CUST-1237,9,16,32479.21,5,5,5,15,555,Champions,0
CUST-1238,4,2,307.9,5,2,1,8,521,New Customers,2
CUST-1239,8,24,51836.92,5,5,5,15,555,Champions,0
CUST-1240,12,2,778.72,4,2,2,8,422,New Customers,2
CUST-1241,275,3,853.04,1,3,2,6,132,Need Attention,1
CUST-1242,339,1,230.2,1,1,1,3,111,Lost,1
CUST-1243,89,3,1238.01,2,3,3,8,233,At Risk,2
CUST-1244,70,5,3007.94,2,3,3,8,233,At Risk,2
CUST-1245,110,4,2856.67,2,3,3,8,233,At Risk,2
CUST-1246,13,2,461.29,4,2,2,8,422,New Customers,2
CUST-1247,11,24,42280.99,5,5,5,15,555,Champions,0
CUST-1248,19,1,338.85,4,1,2,7,412,New Customers,2
CUST-1249,14,1,302.85,4,1,1,6,411,New Customers,2
CUST-1250,11,13,21624.54,5,5,5,15,555,Champions,2
CUST-1251,292,1,210.26,1,1,1,3,111,Lost,1
CUST-1252,109,5,2386.19,2,3,3,8,233,At Risk,2
CUST-1253,41,12,13144.75,3,5,5,13,355,Loyal Customers,2
CUST-1254,25,2,261.19,3,2,1,6,321,Need Attention,2
CUST-1255,77,5,3431.76,2,3,3,8,233,At Risk,2
CUST-1256,11,24,19408.85,5,5,5,15,555,Champions,0
CUST-1257,321,1,152.15,1,1,1,3,111,Lost,1
CUST-1258,240,1,187.01,1,1,1,3,111,Lost,1
CUST-1259,8,14,39741.47,5,5,5,15,555,Champions,0
CUST-1260,10,16,44612.45,5,5,5,15,555,Champions,0
CUST-1261,26,7,6210.52,3,4,4,11,344,Loyal Customers,2
CUST-1262,207,3,295.1,1,3,1,5,131,Need Attention,1
CUST-1263,17,2,536.62,4,2,2,8,422,New Customers,2
CUST-1264,2,2,932.12,5,2,3,10,523,New Customers,2
CUST-1265,13,14,18341.84,4,5,5,14,455,Champions,2
CUST-1266,360,2,218.17,1,2,1,4,121,Lost,1
CUST-1267,122,3,1466.05,2,3,3,8,233,At Risk,2
CUST-1268,34,9,7566.88,3,4,4,11,344,Loyal Customers,2
CUST-1269,1,2,452.7,5,2,2,9,522,New Customers,2
CUST-1270,17,12,13429.89,4,5,5,14,455,Champions,2
CUST-1271,117,6,4617.21,2,3,4,9,234,At Risk,2
CUST-1272,13,9,9571.63,4,4,4,12,444,Champions,2
CUST-1273,17,14,7108.43,4,5,4,13,454,Champions,2
CUST-1274,16,1,498.46,4,1,2,7,412,New Customers,2
CUST-1275,14,2,865.8,4,2,3,9,423,New Customers,2
CUST-1276,74,4,2861.46,2,3,3,8,233,At Risk,2
CUST-1277,41,9,9368.97,3,4,4,11,344,Loyal Customers,2
CUST-1278,25,7,5708.89,3,4,4,11,344,Loyal Customers,2
CUST-1279,10,20,32846.56,5,5,5,15,555,Champions,0
CUST-1280,7,1,229.19,5,1,1,7,511,New Customers,2
CUST-1281,11,14,25545.81,5,5,5,15,555,Champions,0
CUST-1282,25,2,594.31,3,2,2,7,322,Need Attention,2
CUST-1283,137,5,1421.4,2,3,3,8,233,At Risk,2
CUST-1284,86,3,1738.56,2,3,3,8,233,At Risk,2
CUST-1285,14,12,13210.92,4,5,5,14,455,Champions,2
CUST-1286,1,2,702.28,5,2,2,9,522,New Customers,2
CUST-1287,112,5,1767.95,2,3,3,8,233,At Risk,2
CUST-1288,124,6,2771.25,2,3,3,8,233,At Risk,2
CUST-1289,61,6,2293.42,3,3,3,9,333,Loyal Customers,2
CUST-1290,28,1,126.02,3,1,1,5,311,Need Attention,2
CUST-1291,1,1,109.1,5,1,1,7,511,New Customers,2
CUST-1292,3,1,319.41,5,1,1,7,511,New Customers,2
CUST-1293,1,27,62079.74,5,5,5,15,555,Champions,0
CUST-1294,336,3,413.71,1,3,2,6,132,Need Attention,1
CUST-1295,136,6,4052.47,2,3,4,9,234,At Risk,2
CUST-1296,12,29,27551.76,4,5,5,14,455,Champions,0
CUST-1297,4,12,26988.21,5,5,5,15,555,Champions,0
CUST-1298,306,3,583.63,1,3,2,6,132,Need Attention,1
CUST-1299,296,3,330.94,1,3,2,6,132,Need Attention,1
CUST-1300,17,1,167.96,4,1,1,6,411,New Customers,2
CUST-1301,25,12,9898.02,3,5,5,13,355,Loyal Customers,2
CUST-1302,336,2,190.77,1,2,1,4,121,Lost,1
CUST-1303,363,1,94.26,1,1,1,3,111,Lost,1
CUST-1304,32,11,5772.17,3,4,4,11,344,Loyal Customers,2
CUST-1305,82,4,2274.19,2,3,3,8,233,At Risk,2
CUST-1306,27,7,5944.82,3,4,4,11,344,Loyal Customers,2
CUST-1307,36,9,4286.93,3,4,4,11,344,Loyal Customers,2
CUST-1308,22,1,409.08,4,1,2,7,412,New Customers,2
CUST-1309,8,1,346.3,5,1,2,8,512,New Customers,2
CUST-1310,285,3,796.36,1,3,2,6,132,Need Attention,1
CUST-1311,5,2,578.39,5,2,2,9,522,New Customers,2
CUST-1312,295,2,403.61,1,2,2,5,122,Lost,1
CUST-1313,17,1,259.18,4,1,1,6,411,New Customers,2
CUST-1314,60,4,3484.24,3,3,3,9,333,Loyal Customers,2
CUST-1315,7,15,30732.09,5,5,5,15,555,Champions,0
CUST-1316,18,1,415.83,4,1,2,7,412,New Customers,2
CUST-1317,327,2,327.46,1,2,1,4,121,Lost,1
CUST-1318,323,3,675.98,1,3,2,6,132,Need Attention,1
CUST-1319,32,9,3610.38,3,4,3,10,343,Loyal Customers,2
CUST-1320,29,8,9566.95,3,4,4,11,344,Loyal Customers,2
CUST-1321,74,4,3124.53,2,3,3,8,233,At Risk,2
CUST-1322,20,13,11908.75,4,5,5,14,455,Champions,2
CUST-1323,276,2,369.8,1,2,2,5,122,Lost,1
CUST-1324,243,3,262.27,1,3,1,5,131,Need Attention,1
CUST-1325,26,2,772.22,3,2,2,7,322,Need Attention,2
CUST-1326,28,7,5311.2,3,4,4,11,344,Loyal Customers,2
CUST-1327,116,5,4711.61,2,3,4,9,234,At Risk,2
CUST-1328,28,8,9301.4,3,4,4,11,344,Loyal Customers,2
CUST-1329,20,2,386.98,4,2,2,8,422,New Customers,2
CUST-1330,259,3,355.39,1,3,2,6,132,Need Attention,1
CUST-1331,67,6,3709.61,2,3,3,8,233,At Risk,2
CUST-1332,13,18,55180.2,4,5,5,14,455,Champions,0
CUST-1333,9,21,26429.09,5,5,5,15,555,Champions,0
CUST-1334,6,24,63828.83,5,5,5,15,555,Champions,0
CUST-1335,11,14,10716.48,5,5,5,15,555,Champions,2
CUST-1336,112,3,826.98,2,3,2,7,232,Need Attention,2
CUST-1337,29,1,332.92,3,1,2,6,312,Need Attention,2
CUST-1338,64,5,3198.46,3,3,3,9,333,Loyal Customers,2
CUST-1339,41,8,4400.4,3,4,4,11,344,Loyal Customers,2
CUST-1340,69,6,4704.02,2,3,4,9,234,At Risk,2
CUST-1341,349,3,156.76,1,3,1,5,131,Need Attention,1
CUST-1342,6,2,609.85,5,2,2,9,522,New Customers,2
CUST-1343,19,12,12019.64,4,5,5,14,455,Champions,2
CUST-1344,26,7,7310.68,3,4,4,11,344,Loyal Customers,2
CUST-1345,308,2,388.46,1,2,2,5,122,Lost,1
CUST-1346,90,7,5209.47,2,4,4,10,244,At Risk,2
CUST-1347,2,20,28781.49,5,5,5,15,555,Champions,0
CUST-1348,39,11,10549.01,3,4,5,12,345,Loyal Customers,2
CUST-1349,11,15,45315.41,5,5,5,15,555,Champions,0
CUST-1350,342,1,149.62,1,1,1,3,111,Lost,1
CUST-1351,44,6,4554.53,3,3,4,10,334,Loyal Customers,2
CUST-1352,103,6,4243.28,2,3,4,9,234,At Risk,2
CUST-1353,148,6,1562.17,2,3,3,8,233,At Risk,2
CUST-1354,26,1,467.78,3,1,2,6,312,Need Attention,2
CUST-1355,64,3,2412.87,3,3,3,9,333,Loyal Customers,2
CUST-1356,355,1,74.18,1,1,1,3,111,Lost,1
CUST-1357,2,15,35843.53,5,5,5,15,555,Champions,0
CUST-1358,329,1,97.19,1,1,1,3,111,Lost,1
CUST-1359,180,2,242.12,2,2,1,5,221,Need Attention,1
CUST-1360,6,21,37533.41,5,5,5,15,555,Champions,0
CUST-1361,22,1,268.84,4,1,1,6,411,New Customers,2
CUST-1362,4,18,43407.97,5,5,5,15,555,Champions,0
CUST-1363,13,25,71211.64,4,5,5,14,455,Champions,0
CUST-1364,123,6,1458.22,2,3,3,8,233,At Risk,2
CUST-1365,25,12,7186.32,3,5,4,12,354,Loyal Customers,2
CUST-1366,229,3,605.62,1,3,2,6,132,Need Attention,1
CUST-1367,32,8,8211.35,3,4,4,11,344,Loyal Customers,2
CUST-1368,14,13,12038.66,4,5,5,14,455,Champions,2
CUST-1369,29,1,368.94,3,1,2,6,312,Need Attention,2
CUST-1370,4,1,357.76,5,1,2,8,512,New Customers,2
CUST-1371,38,7,3171.34,3,4,3,10,343,Loyal Customers,2
CUST-1372,39,13,14430.12,3,5,5,13,355,Loyal Customers,2
CUST-1373,103,7,2759.13,2,4,3,9,243,At Risk,2
CUST-1374,29,14,15383.13,3,5,5,13,355,Loyal Customers,2
CUST-1375,10,19,33952.76,5,5,5,15,555,Champions,0
CUST-1376,251,2,369.06,1,2,2,5,122,Lost,1
CUST-1377,69,4,2802.46,2,3,3,8,233,At Risk,2
CUST-1378,266,1,59.22,1,1,1,3,111,Lost,1
CUST-1379,10,22,34152.44,5,5,5,15,555,Champions,0
CUST-1380,13,23,41967.57,4,5,5,14,455,Champions,0
CUST-1381,4,26,30831.37,5,5,5,15,555,Champions,0
CUST-1382,125,4,1954.46,2,3,3,8,233,At Risk,2
CUST-1383,61,5,3792.24,3,3,3,9,333,Loyal Customers,2
CUST-1384,13,2,577.41,4,2,2,8,422,New Customers,2
CUST-1385,27,12,8556.85,3,5,4,12,354,Loyal Customers,2
CUST-1386,264,2,136.63,1,2,1,4,121,Lost,1
CUST-1387,9,1,394.93,5,1,2,8,512,New Customers,2
CUST-1388,13,17,51925.3,4,5,5,14,455,Champions,0
CUST-1389,133,6,4137.34,2,3,4,9,234,At Risk,2
CUST-1390,294,3,227.18,1,3,1,5,131,Need Attention,1
CUST-1391,278,1,76.97,1,1,1,3,111,Lost,1
CUST-1392,44,7,6753.12,3,4,4,11,344,Loyal Customers,2
CUST-1393,3,28,23049.6,5,5,5,15,555,Champions,0
CUST-1394,191,3,581.86,1,3,2,6,132,Need Attention,1
CUST-1395,363,2,294.44,1,2,1,4,121,Lost,1
CUST-1396,210,1,288.68,1,1,1,3,111,Lost,1
CUST-1397,43,13,6265.12,3,5,4,12,354,Loyal Customers,2
CUST-1398,25,11,9440.34,3,4,4,11,344,Loyal Customers,2
CUST-1399,20,13,11416.68,4,5,5,14,455,Champions,2
CUST-1400,145,6,1657.42,2,3,3,8,233,At Risk,2
CUST-1401,12,28,71308.1,4,5,5,14,455,Champions,0
CUST-1402,195,2,555.39,1,2,2,5,122,Lost,1
CUST-1403,33,14,10607.05,3,5,5,13,355,Loyal Customers,2
CUST-1404,15,1,134.07,4,1,1,6,411,New Customers,2
CUST-1405,24,14,10194.26,3,5,5,13,355,Loyal Customers,2
CUST-1406,18,1,148.03,4,1,1,6,411,New Customers,2
CUST-1407,1,17,34481.19,5,5,5,15,555,Champions,0
CUST-1408,29,2,254.67,3,2,1,6,321,Need Attention,2
CUST-1409,12,26,52258.73,4,5,5,14,455,Champions,0
CUST-1410,28,1,301.77,3,1,1,5,311,Need Attention,2
CUST-1411,98,3,1507.43,2,3,3,8,233,At Risk,2
CUST-1412,4,1,293.14,5,1,1,7,511,New Customers,2
CUST-1413,12,2,445.85,4,2,2,8,422,New Customers,2
CUST-1414,264,2,189.39,1,2,1,4,121,Lost,1
CUST-1415,67,3,2255.15,2,3,3,8,233,At Risk,2
CUST-1416,135,3,1584.23,2,3,3,8,233,At Risk,2
CUST-1417,8,1,142.81,5,1,1,7,511,New Customers,2
CUST-1418,7,1,336.64,5,1,2,8,512,New Customers,2
CUST-1419,148,6,3593.04,2,3,3,8,233,At Risk,2
CUST-1420,1,16,40528.77,5,5,5,15,555,Champions,0
CUST-1421,225,1,186.06,1,1,1,3,111,Lost,1
CUST-1422,120,7,5530.79,2,4,4,10,244,At Risk,2
CUST-1423,12,12,26671.59,4,5,5,14,455,Champions,0
CUST-1424,16,2,494.55,4,2,2,8,422,New Customers,2
CUST-1425,25,6,4183.37,3,3,4,10,334,Loyal Customers,2
CUST-1426,253,2,173.76,1,2,1,4,121,Lost,1
CUST-1427,11,17,27667.95,5,5,5,15,555,Champions,0
CUST-1428,20,2,946.34,4,2,3,9,423,New Customers,2
CUST-1429,287,2,196.86,1,2,1,4,121,Lost,1
CUST-1430,29,10,6246.14,3,4,4,11,344,Loyal Customers,2
CUST-1431,112,7,3531.85,2,4,3,9,243,At Risk,2
CUST-1432,146,5,3513.67,2,3,3,8,233,At Risk,2
CUST-1433,200,3,411.1,1,3,2,6,132,Need Attention,1
CUST-1434,7,2,774.97,5,2,2,9,522,New Customers,2
CUST-1435,22,2,619.54,4,2,2,8,422,New Customers,2
CUST-1436,69,6,3267.14,2,3,3,8,233,At Risk,2
CUST-1437,205,1,212.96,1,1,1,3,111,Lost,1
CUST-1438,314,3,463.69,1,3,2,6,132,Need Attention,1
CUST-1439,8,2,857.44,5,2,3,10,523,New Customers,2
CUST-1440,40,6,5742.42,3,3,4,10,334,Loyal Customers,2
CUST-1441,32,8,8887.63,3,4,4,11,344,Loyal Customers,2
CUST-1442,301,2,241.11,1,2,1,4,121,Lost,1
CUST-1443,89,7,5111.14,2,4,4,10,244,At Risk,2
CUST-1444,133,5,2364.95,2,3,3,8,233,At Risk,2
CUST-1445,6,26,52502.9,5,5,5,15,555,Champions,0
CUST-1446,5,20,29566.53,5,5,5,15,555,Champions,0
CUST-1447,9,18,38877.95,5,5,5,15,555,Champions,0
CUST-1448,16,2,389.24,4,2,2,8,422,New Customers,2
CUST-1449,123,3,1190.32,2,3,3,8,233,At Risk,2
CUST-1450,199,1,120.9,1,1,1,3,111,Lost,1
CUST-1451,352,1,259.44,1,1,1,3,111,Lost,1
CUST-1452,11,1,600.4,5,1,2,8,512,New Customers,2
CUST-1453,256,2,500.22,1,2,2,5,122,Lost,1
CUST-1454,122,7,3235.63,2,4,3,9,243,At Risk,2
CUST-1455,273,1,245.44,1,1,1,3,111,Lost,1
CUST-1456,362,1,327.95,1,1,2,4,112,Lost,1
CUST-1457,244,2,698.53,1,2,2,5,122,Lost,1
CUST-1458,80,3,887.25,2,3,3,8,233,At Risk,2
CUST-1459,4,15,39289.41,5,5,5,15,555,Champions,0
CUST-1460,244,3,433.02,1,3,2,6,132,Need Attention,1
CUST-1461,43,6,2669.06,3,3,3,9,333,Loyal Customers,2
CUST-1462,84,6,5292.66,2,3,4,9,234,At Risk,2
CUST-1463,228,1,182.88,1,1,1,3,111,Lost,1
CUST-1464,234,1,42.74,1,1,1,3,111,Lost,1
CUST-1465,138,7,2178.05,2,4,3,9,243,At Risk,2
CUST-1466,134,6,3741.88,2,3,3,8,233,At Risk,2
CUST-1467,14,2,682.57,4,2,2,8,422,New Customers,2
CUST-1468,112,5,3173.94,2,3,3,8,233,At Risk,2
CUST-1469,233,3,700.91,1,3,2,6,132,Need Attention,1
CUST-1470,14,2,244.54,4,2,1,7,421,New Customers,2
CUST-1471,42,8,8309.46,3,4,4,11,344,Loyal Customers,2
CUST-1472,132,7,1449.08,2,4,3,9,243,At Risk,2
CUST-1473,296,3,738.18,1,3,2,6,132,Need Attention,1
CUST-1474,142,3,1549.28,2,3,3,8,233,At Risk,2
CUST-1475,3,1,181.23,5,1,1,7,511,New Customers,2
CUST-1476,188,3,829.24,1,3,2,6,132,Need Attention,1
CUST-1477,62,3,1407.35,3,3,3,9,333,Loyal Customers,2
CUST-1478,21,14,15153.33,4,5,5,14,455,Champions,2
CUST-1479,34,14,14485.3,3,5,5,13,355,Loyal Customers,2
CUST-1480,304,1,182.69,1,1,1,3,111,Lost,1
CUST-1481,307,3,706.88,1,3,2,6,132,Need Attention,1
CUST-1482,271,2,230.84,1,2,1,4,121,Lost,1
CUST-1483,6,22,22941.17,5,5,5,15,555,Champions,0
CUST-1484,38,6,5281.8,3,3,4,10,334,Loyal Customers,2
CUST-1485,8,2,598.01,5,2,2,9,522,New Customers,2
CUST-1486,9,2,376.24,5,2,2,9,522,New Customers,2
CUST-1487,289,2,381.76,1,2,2,5,122,Lost,1
CUST-1488,224,1,203.27,1,1,1,3,111,Lost,1
CUST-1489,6,20,37470.86,5,5,5,15,555,Champions,0
CUST-1490,360,1,193.47,1,1,1,3,111,Lost,1
CUST-1491,128,3,2086.51,2,3,3,8,233,At Risk,2
CUST-1492,284,3,330.6,1,3,2,6,132,Need Attention,1
CUST-1493,231,2,585.3,1,2,2,5,122,Lost,1
CUST-1494,26,2,351.28,3,2,2,7,322,Need Attention,2
CUST-1495,40,13,6052.06,3,5,4,12,354,Loyal Customers,2
CUST-1496,36,13,9376.47,3,5,4,12,354,Loyal Customers,2
CUST-1497,120,7,5481.07,2,4,4,10,244,At Risk,2
CUST-1498,23,7,4619.15,4,4,4,12,444,Champions,2
CUST-1499,7,1,237.06,5,1,1,7,511,New Customers,2
CUST-1500,6,1,346.42,5,1,2,8,512,New Customers,2
CUST-1501,7,1,133.2,5,1,1,7,511,New Customers,2
CUST-1502,143,6,2379.49,2,3,3,8,233,At Risk,2
CUST-1503,2,21,36032.07,5,5,5,15,555,Champions,0
CUST-1504,23,10,4696.51,4,4,4,12,444,Champions,2
CUST-1505,209,3,1037.51,1,3,3,7,133,At Risk,1
CUST-1506,28,14,15388.56,3,5,5,13,355,Loyal Customers,2
CUST-1507,28,7,5618.21,3,4,4,11,344,Loyal Customers,2
CUST-1508,299,2,551.06,1,2,2,5,122,Lost,1
CUST-1509,11,1,360.26,5,1,2,8,512,New Customers,2
CUST-1510,344,2,214.71,1,2,1,4,121,Lost,1
CUST-1511,3,15,18722.51,5,5,5,15,555,Champions,2
CUST-1512,141,3,1402.1,2,3,3,8,233,At Risk,2
CUST-1513,227,1,123.38,1,1,1,3,111,Lost,1
CUST-1514,11,27,65064.86,5,5,5,15,555,Champions,0
CUST-1515,245,2,538.1,1,2,2,5,122,Lost,1
CUST-1516,20,10,5217.54,4,4,4,12,444,Champions,2
CUST-1517,18,2,803.74,4,2,2,8,422,New Customers,2
CUST-1518,8,2,1118.38,5,2,3,10,523,New Customers,2
CUST-1519,9,27,75479.75,5,5,5,15,555,Champions,0
CUST-1520,81,3,2020.66,2,3,3,8,233,At Risk,2
CUST-1521,89,5,3039.15,2,3,3,8,233,At Risk,2
CUST-1522,84,3,1843.29,2,3,3,8,233,At Risk,2
CUST-1523,18,9,5144.26,4,4,4,12,444,Champions,2
CUST-1524,114,7,4049.7,2,4,4,10,244,At Risk,2
CUST-1525,10,2,698.82,5,2,2,9,522,New Customers,2
CUST-1526,11,1,367.9,5,1,2,8,512,New Customers,2
CUST-1527,18,11,4560.26,4,4,4,12,444,Champions,2
CUST-1528,43,8,6701.45,3,4,4,11,344,Loyal Customers,2
CUST-1529,12,1,546.94,4,1,2,7,412,New Customers,2
CUST-1530,77,4,2199.07,2,3,3,8,233,At Risk,2
CUST-1531,10,2,399.08,5,2,2,9,522,New Customers,2
CUST-1532,229,2,200.37,1,2,1,4,121,Lost,1
CUST-1533,15,2,457.78,4,2,2,8,422,New Customers,2
CUST-1534,95,3,661.55,2,3,2,7,232,Need Attention,2
CUST-1535,137,7,2595.81,2,4,3,9,243,At Risk,2
CUST-1536,29,2,680.7,3,2,2,7,322,Need Attention,2
CUST-1537,1,21,43297.71,5,5,5,15,555,Champions,0
CUST-1538,21,6,5245.03,4,3,4,11,434,Loyal Customers,2
CUST-1539,276,1,257.75,1,1,1,3,111,Lost,1
CUST-1540,8,23,43451.18,5,5,5,15,555,Champions,0
CUST-1541,333,2,306.42,1,2,1,4,121,Lost,1
CUST-1542,209,2,310.82,1,2,1,4,121,Lost,1
CUST-1543,21,2,840.76,4,2,2,8,422,New Customers,2
CUST-1544,29,8,4795.74,3,4,4,11,344,Loyal Customers,2
CUST-1545,299,2,145.38,1,2,1,4,121,Lost,1
CUST-1546,21,2,464.36,4,2,2,8,422,New Customers,2
CUST-1547,75,3,2079.42,2,3,3,8,233,At Risk,2
CUST-1548,12,12,12647.08,4,5,5,14,455,Champions,2
CUST-1549,260,1,226.33,1,1,1,3,111,Lost,1
CUST-1550,36,9,8632.6,3,4,4,11,344,Loyal Customers,2
CUST-1551,320,2,237.47,1,2,1,4,121,Lost,1
CUST-1552,41,6,3709.22,3,3,3,9,333,Loyal Customers,2
CUST-1553,271,3,693.98,1,3,2,6,132,Need Attention,1
CUST-1554,3,23,62018.84,5,5,5,15,555,Champions,0
CUST-1555,88,7,2544.73,2,4,3,9,243,At Risk,2
CUST-1556,113,7,5087.23,2,4,4,10,244,At Risk,2
CUST-1557,85,5,1142.91,2,3,3,8,233,At Risk,2
CUST-1558,305,1,54.99,1,1,1,3,111,Lost,1
CUST-1559,20,6,3429.02,4,3,3,10,433,Loyal Customers,2
CUST-1560,1,19,46926.5,5,5,5,15,555,Champions,0
CUST-1561,14,20,43619.73,4,5,5,14,455,Champions,0
CUST-1562,28,1,325.39,3,1,1,5,311,Need Attention,2
CUST-1563,22,1,125.85,4,1,1,6,411,New Customers,2
CUST-1564,34,7,3759.03,3,4,3,10,343,Loyal Customers,2
CUST-1565,76,4,3427.19,2,3,3,8,233,At Risk,2
CUST-1566,6,2,1054.57,5,2,3,10,523,New Customers,2
CUST-1567,4,20,46434.26,5,5,5,15,555,Champions,0
CUST-1568,34,10,5952.23,3,4,4,11,344,Loyal Customers,2
CUST-1569,26,11,5562.39,3,4,4,11,344,Loyal Customers,2
CUST-1570,18,1,313.63,4,1,1,6,411,New Customers,2
CUST-1571,38,7,3921.22,3,4,4,11,344,Loyal Customers,2
CUST-1572,8,28,48071.42,5,5,5,15,555,Champions,0
CUST-1573,142,6,3852.63,2,3,4,9,234,At Risk,2
CUST-1574,143,7,2256.1,2,4,3,9,243,At Risk,2
CUST-1575,42,7,6135.33,3,4,4,11,344,Loyal Customers,2
CUST-1576,12,17,22011.45,4,5,5,14,455,Champions,0
CUST-1577,20,10,6258.92,4,4,4,12,444,Champions,2
CUST-1578,6,18,15097.98,5,5,5,15,555,Champions,0
CUST-1579,31,13,5629.29,3,5,4,12,354,Loyal Customers,2
CUST-1580,98,4,1020.65,2,3,3,8,233,At Risk,2
CUST-1581,41,6,4452.25,3,3,4,10,334,Loyal Customers,2
CUST-1582,28,7,6183.54,3,4,4,11,344,Loyal Customers,2
CUST-1583,321,3,527.12,1,3,2,6,132,Need Attention,1
CUST-1584,214,1,170.56,1,1,1,3,111,Lost,1
CUST-1585,38,9,6166.15,3,4,4,11,344,Loyal Customers,2
CUST-1586,3,1,150.15,5,1,1,7,511,New Customers,2
CUST-1587,314,3,774.66,1,3,2,6,132,Need Attention,1
CUST-1588,121,4,1411.17,2,3,3,8,233,At Risk,2
CUST-1589,4,28,49195.89,5,5,5,15,555,Champions,0
CUST-1590,350,3,862.27,1,3,3,7,133,At Risk,1
CUST-1591,345,1,130.68,1,1,1,3,111,Lost,1
CUST-1592,194,2,339.02,1,2,2,5,122,Lost,1
CUST-1593,102,7,1531.58,2,4,3,9,243,At Risk,2
CUST-1594,4,12,25541.1,5,5,5,15,555,Champions,0
CUST-1595,30,14,13671.52,3,5,5,13,355,Loyal Customers,2
CUST-1596,139,6,1977.57,2,3,3,8,233,At Risk,2
CUST-1597,185,3,819.42,1,3,2,6,132,Need Attention,1
CUST-1598,71,6,2462.51,2,3,3,8,233,At Risk,2
CUST-1599,16,13,14754.22,4,5,5,14,455,Champions,2
CUST-1600,29,2,549.66,3,2,2,7,322,Need Attention,2
CUST-1601,307,2,547.83,1,2,2,5,122,Lost,1
CUST-1602,125,7,5744.89,2,4,4,10,244,At Risk,2
CUST-1603,61,3,968.33,3,3,3,9,333,Loyal Customers,2
CUST-1604,10,14,15563.08,5,5,5,15,555,Champions,2
CUST-1605,113,7,5056.15,2,4,4,10,244,At Risk,2
CUST-1606,37,7,6591.09,3,4,4,11,344,Loyal Customers,2
CUST-1607,335,2,298.43,1,2,1,4,121,Lost,1
CUST-1608,252,2,168.16,1,2,1,4,121,Lost,1
CUST-1609,280,2,451.19,1,2,2,5,122,Lost,1
CUST-1610,209,3,643.67,1,3,2,6,132,Need Attention,1
CUST-1611,16,8,4681.3,4,4,4,12,444,Champions,2
CUST-1612,7,2,698.73,5,2,2,9,522,New Customers,2
CUST-1613,71,7,1912.52,2,4,3,9,243,At Risk,2
CUST-1614,12,13,13328.57,4,5,5,14,455,Champions,2
CUST-1615,316,3,517.8,1,3,2,6,132,Need Attention,1
CUST-1616,79,5,1490.39,2,3,3,8,233,At Risk,2
CUST-1617,80,5,3255.75,2,3,3,8,233,At Risk,2
CUST-1618,27,11,10670.73,3,4,5,12,345,Loyal Customers,2
CUST-1619,12,26,45140.45,4,5,5,14,455,Champions,0
CUST-1620,40,8,6320.98,3,4,4,11,344,Loyal Customers,2
CUST-1621,359,2,113.27,1,2,1,4,121,Lost,1
CUST-1622,27,6,4561.34,3,3,4,10,334,Loyal Customers,2
CUST-1623,62,3,659.94,3,3,2,8,332,Need Attention,2
CUST-1624,12,21,60756.8,4,5,5,14,455,Champions,0
CUST-1625,19,2,529.79,4,2,2,8,422,New Customers,2
CUST-1626,8,24,49557.17,5,5,5,15,555,Champions,0
CUST-1627,4,28,67150.22,5,5,5,15,555,Champions,0
CUST-1628,1,15,16320.32,5,5,5,15,555,Champions,2
CUST-1629,9,2,792.08,5,2,2,9,522,New Customers,2
CUST-1630,39,12,12016.48,3,5,5,13,355,Loyal Customers,2
CUST-1631,109,4,1656.76,2,3,3,8,233,At Risk,2
CUST-1632,73,5,2950.75,2,3,3,8,233,At Risk,2
CUST-1633,217,3,407.44,1,3,2,6,132,Need Attention,1
CUST-1634,8,2,637.61,5,2,2,9,522,New Customers,2
CUST-1635,13,1,267.63,4,1,1,6,411,New Customers,2
CUST-1636,318,2,693.72,1,2,2,5,122,Lost,1
CUST-1637,91,5,985.24,2,3,3,8,233,At Risk,2
CUST-1638,14,22,59055.62,4,5,5,14,455,Champions,0
CUST-1639,265,1,107.95,1,1,1,3,111,Lost,1
CUST-1640,144,4,1189.31,2,3,3,8,233,At Risk,2
CUST-1641,21,1,282.81,4,1,1,6,411,New Customers,2
CUST-1642,9,25,38224.72,5,5,5,15,555,Champions,0
CUST-1643,1,18,47604.72,5,5,5,15,555,Champions,0
CUST-1644,3,1,384.38,5,1,2,8,512,New Customers,2
CUST-1645,90,3,1031.17,2,3,3,8,233,At Risk,2
CUST-1646,262,2,499.78,1,2,2,5,122,Lost,1
CUST-1647,121,3,1517.75,2,3,3,8,233,At Risk,2
CUST-1648,4,20,52022.08,5,5,5,15,555,Champions,0
CUST-1649,35,10,11242.07,3,4,5,12,345,Loyal Customers,2
CUST-1650,12,12,17088.81,4,5,5,14,455,Champions,2
CUST-1651,11,9,7688.17,5,4,4,13,544,Champions,2
CUST-1652,14,2,473.88,4,2,2,8,422,New Customers,2
CUST-1653,246,1,92.22,1,1,1,3,111,Lost,1
CUST-1654,73,7,5550.13,2,4,4,10,244,At Risk,2
CUST-1655,15,10,6560.97,4,4,4,12,444,Champions,2
CUST-1656,22,14,9133.94,4,5,4,13,454,Champions,2
CUST-1657,138,3,2107.69,2,3,3,8,233,At Risk,2
CUST-1658,19,14,14583.9,4,5,5,14,455,Champions,2
CUST-1659,326,2,273.62,1,2,1,4,121,Lost,1
CUST-1660,282,3,340.3,1,3,2,6,132,Need Attention,1
CUST-1661,14,13,31928.42,4,5,5,14,455,Champions,0
CUST-1662,286,1,272.54,1,1,1,3,111,Lost,1
CUST-1663,97,6,4728.69,2,3,4,9,234,At Risk,2
CUST-1664,241,3,367.91,1,3,2,6,132,Need Attention,1
CUST-1665,29,9,6023.14,3,4,4,11,344,Loyal Customers,2
CUST-1666,129,4,1445.69,2,3,3,8,233,At Risk,2
CUST-1667,3,19,19591.17,5,5,5,15,555,Champions,0
CUST-1668,358,1,121.46,1,1,1,3,111,Lost,1
CUST-1669,69,5,2741.97,2,3,3,8,233,At Risk,2
CUST-1670,11,15,21340.88,5,5,5,15,555,Champions,0
CUST-1671,12,9,8801.99,4,4,4,12,444,Champions,2
CUST-1672,119,6,3596.63,2,3,3,8,233,At Risk,2
CUST-1673,13,10,10289.91,4,4,5,13,445,Champions,2
CUST-1674,38,9,4712.29,3,4,4,11,344,Loyal Customers,2
CUST-1675,5,2,777.03,5,2,2,9,522,New Customers,2
CUST-1676,39,13,7732.8,3,5,4,12,354,Loyal Customers,2
CUST-1677,11,2,280.36,5,2,1,8,521,New Customers,2
CUST-1678,73,3,1728.59,2,3,3,8,233,At Risk,2
CUST-1679,25,14,15461.68,3,5,5,13,355,Loyal Customers,2
CUST-1680,2,26,63722.15,5,5,5,15,555,Champions,0
CUST-1681,1,1,95.24,5,1,1,7,511,New Customers,2
CUST-1682,193,3,325.0,1,3,1,5,131,Need Attention,1
CUST-1683,3,29,71359.34,5,5,5,15,555,Champions,0
CUST-1684,33,11,5201.58,3,4,4,11,344,Loyal Customers,2
CUST-1685,28,6,4420.18,3,3,4,10,334,Loyal Customers,2
CUST-1686,29,1,111.51,3,1,1,5,311,Need Attention,2
CUST-1687,351,1,227.19,1,1,1,3,111,Lost,1
CUST-1688,9,22,22890.77,5,5,5,15,555,Champions,0
CUST-1689,9,18,33904.2,5,5,5,15,555,Champions,0
CUST-1690,32,12,9018.5,3,5,4,12,354,Loyal Customers,2
CUST-1691,342,2,429.94,1,2,2,5,122,Lost,1
CUST-1692,13,13,12672.97,4,5,5,14,455,Champions,2
CUST-1693,8,20,48956.31,5,5,5,15,555,Champions,0
CUST-1694,128,5,3065.17,2,3,3,8,233,At Risk,2
CUST-1695,297,1,315.94,1,1,1,3,111,Lost,1
CUST-1696,60,4,1215.67,3,3,3,9,333,Loyal Customers,2
CUST-1697,11,22,57745.99,5,5,5,15,555,Champions,0
CUST-1698,37,12,11557.29,3,5,5,13,355,Loyal Customers,2
CUST-1699,245,1,175.32,1,1,1,3,111,Lost,1
CUST-1700,33,7,5838.73,3,4,4,11,344,Loyal Customers,2
CUST-1701,9,28,24196.42,5,5,5,15,555,Champions,0
CUST-1702,107,6,3847.26,2,3,4,9,234,At Risk,2
CUST-1703,264,1,275.41,1,1,1,3,111,Lost,1
CUST-1704,43,11,12011.5,3,4,5,12,345,Loyal Customers,2
CUST-1705,19,13,6517.74,4,5,4,13,454,Champions,2
CUST-1706,129,5,3075.01,2,3,3,8,233,At Risk,2
CUST-1707,87,6,3864.17,2,3,4,9,234,At Risk,2
CUST-1708,136,3,1555.95,2,3,3,8,233,At Risk,2
CUST-1709,11,14,20044.86,5,5,5,15,555,Champions,2
CUST-1710,126,7,4775.19,2,4,4,10,244,At Risk,2
CUST-1711,226,2,261.73,1,2,1,4,121,Lost,1
CUST-1712,11,23,36301.1,5,5,5,15,555,Champions,0
CUST-1713,270,3,433.35,1,3,2,6,132,Need Attention,1
CUST-1714,16,1,161.89,4,1,1,6,411,New Customers,2
CUST-1715,11,1,341.32,5,1,2,8,512,New Customers,2
CUST-1716,15,8,6392.44,4,4,4,12,444,Champions,2
CUST-1717,229,2,468.01,1,2,2,5,122,Lost,1
CUST-1718,5,2,478.46,5,2,2,9,522,New Customers,2
CUST-1719,40,10,6895.77,3,4,4,11,344,Loyal Customers,2
CUST-1720,24,2,639.37,3,2,2,7,322,Need Attention,2
CUST-1721,28,1,362.61,3,1,2,6,312,Need Attention,2
CUST-1722,36,13,11167.75,3,5,5,13,355,Loyal Customers,2
CUST-1723,113,3,2072.8,2,3,3,8,233,At Risk,2
CUST-1724,99,3,1476.0,2,3,3,8,233,At Risk,2
CUST-1725,22,11,6323.6,4,4,4,12,444,Champions,2
CUST-1726,11,2,651.66,5,2,2,9,522,New Customers,2
CUST-1727,2,29,57814.87,5,5,5,15,555,Champions,0
CUST-1728,14,12,12530.2,4,5,5,14,455,Champions,2
CUST-1729,7,2,912.64,5,2,3,10,523,New Customers,2
CUST-1730,5,13,10567.75,5,5,5,15,555,Champions,2
CUST-1731,36,13,5318.2,3,5,4,12,354,Loyal Customers,2
CUST-1732,14,2,619.61,4,2,2,8,422,New Customers,2
CUST-1733,7,1,502.21,5,1,2,8,512,New Customers,2
CUST-1734,20,8,5261.86,4,4,4,12,444,Champions,2
CUST-1735,12,29,26851.01,4,5,5,14,455,Champions,0
CUST-1736,1,13,11593.31,5,5,5,15,555,Champions,2
CUST-1737,301,1,180.44,1,1,1,3,111,Lost,1
CUST-1738,188,1,158.61,1,1,1,3,111,Lost,1
CUST-1739,143,6,1989.0,2,3,3,8,233,At Risk,2
CUST-1740,4,1,118.93,5,1,1,7,511,New Customers,2
CUST-1741,30,9,3926.41,3,4,4,11,344,Loyal Customers,2
CUST-1742,9,2,253.89,5,2,1,8,521,New Customers,2
CUST-1743,13,8,6188.72,4,4,4,12,444,Champions,2
CUST-1744,8,17,45183.82,5,5,5,15,555,Champions,0
CUST-1745,27,6,6468.16,3,3,4,10,334,Loyal Customers,2
CUST-1746,39,9,8132.96,3,4,4,11,344,Loyal Customers,2
CUST-1747,20,11,6540.53,4,4,4,12,444,Champions,2
CUST-1748,358,1,332.29,1,1,2,4,112,Lost,1
CUST-1749,17,7,5007.9,4,4,4,12,444,Champions,2
CUST-1750,16,12,7733.23,4,5,4,13,454,Champions,2
CUST-1751,92,3,1330.35,2,3,3,8,233,At Risk,2
CUST-1752,319,1,156.76,1,1,1,3,111,Lost,1
CUST-1753,139,4,1992.5,2,3,3,8,233,At Risk,2
CUST-1754,7,21,58107.96,5,5,5,15,555,Champions,0
CUST-1755,358,2,305.04,1,2,1,4,121,Lost,1
CUST-1756,8,22,60201.0,5,5,5,15,555,Champions,0
CUST-1757,79,5,4229.57,2,3,4,9,234,At Risk,2
CUST-1758,8,23,34094.53,5,5,5,15,555,Champions,0
CUST-1759,227,2,391.71,1,2,2,5,122,Lost,1
CUST-1760,110,4,1899.96,2,3,3,8,233,At Risk,2
CUST-1761,270,3,474.17,1,3,2,6,132,Need Attention,1
CUST-1762,7,16,20342.48,5,5,5,15,555,Champions,0
CUST-1763,321,3,291.72,1,3,1,5,131,Need Attention,1
CUST-1764,70,5,1779.3,2,3,3,8,233,At Risk,2
CUST-1765,106,6,2010.72,2,3,3,8,233,At Risk,2
CUST-1766,22,6,5512.23,4,3,4,11,434,Loyal Customers,2
CUST-1767,184,1,126.22,2,1,1,4,211,Need Attention,1
CUST-1768,39,9,7834.11,3,4,4,11,344,Loyal Customers,2
CUST-1769,20,9,9637.48,4,4,4,12,444,Champions,2
CUST-1770,211,3,209.49,1,3,1,5,131,Need Attention,1
CUST-1771,103,7,4281.52,2,4,4,10,244,At Risk,2
CUST-1772,11,2,890.09,5,2,3,10,523,New Customers,2
CUST-1773,100,4,1182.09,2,3,3,8,233,At Risk,2
CUST-1774,38,9,7156.04,3,4,4,11,344,Loyal Customers,2
CUST-1775,16,7,7521.99,4,4,4,12,444,Champions,2
CUST-1776,81,7,4348.3,2,4,4,10,244,At Risk,2
CUST-1777,14,14,9377.36,4,5,4,13,454,Champions,2
CUST-1778,33,12,13854.36,3,5,5,13,355,Loyal Customers,2
CUST-1779,6,2,728.72,5,2,2,9,522,New Customers,2
CUST-1780,19,14,8155.88,4,5,4,13,454,Champions,2
CUST-1781,71,7,4026.53,2,4,4,10,244,At Risk,2
CUST-1782,3,1,549.22,5,1,2,8,512,New Customers,2
CUST-1783,309,2,156.37,1,2,1,4,121,Lost,1
CUST-1784,27,2,773.36,3,2,2,7,322,Need Attention,2
CUST-1785,134,3,737.58,2,3,2,7,232,Need Attention,2
CUST-1786,239,1,77.91,1,1,1,3,111,Lost,1
CUST-1787,14,12,38771.41,4,5,5,14,455,Champions,0
CUST-1788,123,5,1732.49,2,3,3,8,233,At Risk,2
CUST-1789,21,10,11171.52,4,4,5,13,445,Champions,2
CUST-1790,317,3,434.22,1,3,2,6,132,Need Attention,1
CUST-1791,40,6,5380.79,3,3,4,10,334,Loyal Customers,2
CUST-1792,10,9,8288.81,5,4,4,13,544,Champions,2
CUST-1793,301,3,174.88,1,3,1,5,131,Need Attention,1
CUST-1794,112,4,1195.73,2,3,3,8,233,At Risk,2
CUST-1795,24,14,10288.05,3,5,5,13,355,Loyal Customers,2
CUST-1796,21,1,522.58,4,1,2,7,412,New Customers,2
CUST-1797,6,2,380.98,5,2,2,9,522,New Customers,2
CUST-1798,8,24,39687.23,5,5,5,15,555,Champions,0
CUST-1799,33,14,14684.47,3,5,5,13,355,Loyal Customers,2
CUST-1800,316,2,266.78,1,2,1,4,121,Lost,1
CUST-1801,14,16,37633.98,4,5,5,14,455,Champions,0
CUST-1802,35,7,3928.19,3,4,4,11,344,Loyal Customers,2
CUST-1803,364,2,310.91,1,2,1,4,121,Lost,1
CUST-1804,70,5,2069.96,2,3,3,8,233,At Risk,2
CUST-1805,3,28,70671.98,5,5,5,15,555,Champions,0
CUST-1806,28,8,4453.48,3,4,4,11,344,Loyal Customers,2
CUST-1807,347,2,650.08,1,2,2,5,122,Lost,1
CUST-1808,2,2,424.22,5,2,2,9,522,New Customers,2
CUST-1809,18,1,215.05,4,1,1,6,411,New Customers,2
CUST-1810,19,6,2365.29,4,3,3,10,433,Loyal Customers,2
CUST-1811,10,26,62005.82,5,5,5,15,555,Champions,0
CUST-1812,15,13,5967.61,4,5,4,13,454,Champions,2
CUST-1813,343,1,196.15,1,1,1,3,111,Lost,1
CUST-1814,17,6,4175.22,4,3,4,11,434,Loyal Customers,2
CUST-1815,191,3,247.7,1,3,1,5,131,Need Attention,1
CUST-1816,11,2,499.52,5,2,2,9,522,New Customers,2
CUST-1817,252,3,180.12,1,3,1,5,131,Need Attention,1
CUST-1818,8,17,33516.85,5,5,5,15,555,Champions,0
CUST-1819,180,2,444.74,2,2,2,6,222,Need Attention,1
CUST-1820,35,14,13183.67,3,5,5,13,355,Loyal Customers,2
CUST-1821,6,28,35944.02,5,5,5,15,555,Champions,0
CUST-1822,6,2,733.86,5,2,2,9,522,New Customers,2
CUST-1823,7,2,498.89,5,2,2,9,522,New Customers,2
CUST-1824,14,8,7782.67,4,4,4,12,444,Champions,2
CUST-1825,66,5,2621.52,2,3,3,8,233,At Risk,2
CUST-1826,20,14,11193.93,4,5,5,14,455,Champions,2
CUST-1827,122,4,2174.95,2,3,3,8,233,At Risk,2
CUST-1828,13,13,15555.31,4,5,5,14,455,Champions,2
CUST-1829,11,27,41460.75,5,5,5,15,555,Champions,0
CUST-1830,145,4,1485.58,2,3,3,8,233,At Risk,2
CUST-1831,6,13,30656.56,5,5,5,15,555,Champions,0
CUST-1832,104,3,1272.97,2,3,3,8,233,At Risk,2
CUST-1833,22,7,6686.04,4,4,4,12,444,Champions,2
CUST-1834,10,2,792.2,5,2,2,9,522,New Customers,2
CUST-1835,32,6,6294.65,3,3,4,10,334,Loyal Customers,2
CUST-1836,14,13,7399.68,4,5,4,13,454,Champions,2
CUST-1837,80,7,4601.58,2,4,4,10,244,At Risk,2
CUST-1838,5,16,37176.27,5,5,5,15,555,Champions,0
CUST-1839,4,2,433.96,5,2,2,9,522,New Customers,2
CUST-1840,5,21,32667.23,5,5,5,15,555,Champions,0
CUST-1841,1,1,393.28,5,1,2,8,512,New Customers,2
CUST-1842,111,5,1905.61,2,3,3,8,233,At Risk,2
CUST-1843,147,7,2071.39,2,4,3,9,243,At Risk,2
CUST-1844,266,3,555.97,1,3,2,6,132,Need Attention,1
CUST-1845,215,1,241.09,1,1,1,3,111,Lost,1
CUST-1846,130,4,1043.7,2,3,3,8,233,At Risk,2
CUST-1847,78,7,2581.89,2,4,3,9,243,At Risk,2
CUST-1848,236,3,390.24,1,3,2,6,132,Need Attention,1
CUST-1849,81,6,3357.37,2,3,3,8,233,At Risk,2
CUST-1850,234,3,673.61,1,3,2,6,132,Need Attention,1
CUST-1851,16,10,4599.96,4,4,4,12,444,Champions,2
CUST-1852,67,4,2547.93,2,3,3,8,233,At Risk,2
CUST-1853,17,1,284.46,4,1,1,6,411,New Customers,2
CUST-1854,147,5,1995.83,2,3,3,8,233,At Risk,2
CUST-1855,40,10,9115.9,3,4,4,11,344,Loyal Customers,2
CUST-1856,40,6,3009.84,3,3,3,9,333,Loyal Customers,2
CUST-1857,144,6,1986.64,2,3,3,8,233,At Risk,2
CUST-1858,13,2,512.95,4,2,2,8,422,New Customers,2
CUST-1859,13,29,50593.79,4,5,5,14,455,Champions,0
CUST-1860,101,6,2729.17,2,3,3,8,233,At Risk,2
CUST-1861,235,1,221.56,1,1,1,3,111,Lost,1
CUST-1862,132,7,1334.64,2,4,3,9,243,At Risk,2
CUST-1863,14,1,108.24,4,1,1,6,411,New Customers,2
CUST-1864,27,6,3200.07,3,3,3,9,333,Loyal Customers,2
CUST-1865,305,2,242.07,1,2,1,4,121,Lost,1
CUST-1866,184,2,152.48,2,2,1,5,221,Need Attention,1
CUST-1867,108,4,982.41,2,3,3,8,233,At Risk,2
CUST-1868,7,27,56162.27,5,5,5,15,555,Champions,0
CUST-1869,262,1,68.81,1,1,1,3,111,Lost,1
CUST-1870,39,12,11594.64,3,5,5,13,355,Loyal Customers,2
CUST-1871,14,2,708.71,4,2,2,8,422,New Customers,2
CUST-1872,4,26,49762.04,5,5,5,15,555,Champions,0
CUST-1873,114,7,4441.52,2,4,4,10,244,At Risk,2
CUST-1874,82,7,3167.83,2,4,3,9,243,At Risk,2
CUST-1875,222,1,233.25,1,1,1,3,111,Lost,1
CUST-1876,6,29,35926.89,5,5,5,15,555,Champions,0
CUST-1877,192,1,89.32,1,1,1,3,111,Lost,1
CUST-1878,4,15,36660.74,5,5,5,15,555,Champions,0
CUST-1879,11,12,10871.82,5,5,5,15,555,Champions,2
CUST-1880,133,5,3742.02,2,3,3,8,233,At Risk,2
CUST-1881,1,1,105.72,5,1,1,7,511,New Customers,2
CUST-1882,302,3,196.58,1,3,1,5,131,Need Attention,1
CUST-1883,206,1,207.28,1,1,1,3,111,Lost,1
CUST-1884,216,3,488.93,1,3,2,6,132,Need Attention,1
CUST-1885,12,18,49639.25,4,5,5,14,455,Champions,0
CUST-1886,41,7,4498.97,3,4,4,11,344,Loyal Customers,2
CUST-1887,2,2,582.77,5,2,2,9,522,New Customers,2
CUST-1888,359,2,559.14,1,2,2,5,122,Lost,1
CUST-1889,34,14,12117.07,3,5,5,13,355,Loyal Customers,2
CUST-1890,280,2,148.58,1,2,1,4,121,Lost,1
CUST-1891,10,28,28909.03,5,5,5,15,555,Champions,0
CUST-1892,34,10,6526.4,3,4,4,11,344,Loyal Customers,2
CUST-1893,324,1,248.41,1,1,1,3,111,Lost,1
CUST-1894,38,7,2817.75,3,4,3,10,343,Loyal Customers,2
CUST-1895,119,6,4521.16,2,3,4,9,234,At Risk,2
CUST-1896,116,5,2272.5,2,3,3,8,233,At Risk,2
CUST-1897,256,3,561.05,1,3,2,6,132,Need Attention,1
CUST-1898,2,28,34831.66,5,5,5,15,555,Champions,0
CUST-1899,100,4,2876.17,2,3,3,8,233,At Risk,2
CUST-1900,27,1,197.28,3,1,1,5,311,Need Attention,2
CUST-1901,13,14,15222.18,4,5,5,14,455,Champions,2
CUST-1902,9,29,37240.48,5,5,5,15,555,Champions,0
CUST-1903,1,1,101.75,5,1,1,7,511,New Customers,2
CUST-1904,23,13,15447.76,4,5,5,14,455,Champions,2
CUST-1905,129,7,3963.63,2,4,4,10,244,At Risk,2
CUST-1906,20,13,14997.57,4,5,5,14,455,Champions,2
CUST-1907,18,2,649.49,4,2,2,8,422,New Customers,2
CUST-1908,109,3,956.79,2,3,3,8,233,At Risk,2
CUST-1909,14,9,5575.34,4,4,4,12,444,Champions,2
CUST-1910,198,1,360.6,1,1,2,4,112,Lost,1
CUST-1911,37,14,5796.22,3,5,4,12,354,Loyal Customers,2
CUST-1912,10,2,287.46,5,2,1,8,521,New Customers,2
CUST-1913,83,5,1598.95,2,3,3,8,233,At Risk,2
CUST-1914,243,3,708.79,1,3,2,6,132,Need Attention,1
CUST-1915,32,13,10572.96,3,5,5,13,355,Loyal Customers,2
CUST-1916,89,4,2268.0,2,3,3,8,233,At Risk,2
CUST-1917,74,6,2534.83,2,3,3,8,233,At Risk,2
CUST-1918,73,6,2079.75,2,3,3,8,233,At Risk,2
CUST-1919,44,14,16022.38,3,5,5,13,355,Loyal Customers,2
CUST-1920,204,1,114.65,1,1,1,3,111,Lost,1
CUST-1921,13,1,235.36,4,1,1,6,411,New Customers,2
CUST-1922,116,7,3249.15,2,4,3,9,243,At Risk,2
CUST-1923,41,9,10917.44,3,4,5,12,345,Loyal Customers,2
CUST-1924,1,14,35518.24,5,5,5,15,555,Champions,0
CUST-1925,9,1,292.43,5,1,1,7,511,New Customers,2
CUST-1926,36,14,14228.4,3,5,5,13,355,Loyal Customers,2
CUST-1927,32,10,11513.6,3,4,5,12,345,Loyal Customers,2
CUST-1928,14,10,11241.81,4,4,5,13,445,Champions,2
CUST-1929,37,7,7848.98,3,4,4,11,344,Loyal Customers,2
CUST-1930,17,1,237.56,4,1,1,6,411,New Customers,2
CUST-1931,37,7,5754.49,3,4,4,11,344,Loyal Customers,2
CUST-1932,42,12,13409.02,3,5,5,13,355,Loyal Customers,2
CUST-1933,1,1,104.05,5,1,1,7,511,New Customers,2
CUST-1934,37,6,4606.94,3,3,4,10,334,Loyal Customers,2
CUST-1935,270,2,297.53,1,2,1,4,121,Lost,1
CUST-1936,96,3,1008.1,2,3,3,8,233,At Risk,2
CUST-1937,11,22,54320.81,5,5,5,15,555,Champions,0
CUST-1938,92,7,4634.19,2,4,4,10,244,At Risk,2
CUST-1939,8,1,303.41,5,1,1,7,511,New Customers,2
CUST-1940,33,11,5516.77,3,4,4,11,344,Loyal Customers,2
CUST-1941,119,7,1978.69,2,4,3,9,243,At Risk,2
CUST-1942,18,2,869.79,4,2,3,9,423,New Customers,2
CUST-1943,35,11,11329.04,3,4,5,12,345,Loyal Customers,2
CUST-1944,25,1,359.18,3,1,2,6,312,Need Attention,2
CUST-1945,20,1,134.1,4,1,1,6,411,New Customers,2
CUST-1946,321,1,80.02,1,1,1,3,111,Lost,1
CUST-1947,147,6,1594.76,2,3,3,8,233,At Risk,2
CUST-1948,13,8,5071.97,4,4,4,12,444,Champions,2
CUST-1949,12,12,7838.29,4,5,4,13,454,Champions,2
CUST-1950,118,7,1529.31,2,4,3,9,243,At Risk,2
CUST-1951,78,7,5258.58,2,4,4,10,244,At Risk,2
CUST-1952,261,2,514.01,1,2,2,5,122,Lost,1
CUST-1953,146,7,4174.83,2,4,4,10,244,At Risk,2
CUST-1954,202,3,866.0,1,3,3,7,133,At Risk,1
CUST-1955,28,7,7309.34,3,4,4,11,344,Loyal Customers,2
CUST-1956,2,1,219.8,5,1,1,7,511,New Customers,2
CUST-1957,24,10,7090.56,3,4,4,11,344,Loyal Customers,2
CUST-1958,111,3,869.7,2,3,3,8,233,At Risk,2
CUST-1959,250,3,352.68,1,3,2,6,132,Need Attention,1
CUST-1960,9,1,256.25,5,1,1,7,511,New Customers,2
CUST-1961,5,14,15195.42,5,5,5,15,555,Champions,2
CUST-1962,207,1,214.58,1,1,1,3,111,Lost,1
CUST-1963,29,2,677.97,3,2,2,7,322,Need Attention,2
CUST-1964,350,2,405.63,1,2,2,5,122,Lost,1
CUST-1965,134,5,1752.03,2,3,3,8,233,At Risk,2
CUST-1966,10,14,30245.88,5,5,5,15,555,Champions,0
CUST-1967,119,6,2381.9,2,3,3,8,233,At Risk,2
CUST-1968,28,2,466.54,3,2,2,7,322,Need Attention,2
CUST-1969,17,7,7088.01,4,4,4,12,444,Champions,2
CUST-1970,17,2,759.34,4,2,2,8,422,New Customers,2
CUST-1971,28,7,4337.33,3,4,4,11,344,Loyal Customers,2
CUST-1972,149,6,4148.27,2,3,4,9,234,At Risk,2
CUST-1973,24,14,15759.4,3,5,5,13,355,Loyal Customers,2
CUST-1974,2,23,39186.88,5,5,5,15,555,Champions,0
CUST-1975,340,3,582.5,1,3,2,6,132,Need Attention,1
CUST-1976,5,20,21904.57,5,5,5,15,555,Champions,0
CUST-1977,201,3,629.88,1,3,2,6,132,Need Attention,1
CUST-1978,12,27,61603.85,4,5,5,14,455,Champions,0
CUST-1979,6,1,470.61,5,1,2,8,512,New Customers,2
CUST-1980,278,1,205.35,1,1,1,3,111,Lost,1
CUST-1981,107,5,3198.91,2,3,3,8,233,At Risk,2
CUST-1982,351,2,107.14,1,2,1,4,121,Lost,1
CUST-1983,27,6,5224.61,3,3,4,10,334,Loyal Customers,2
CUST-1984,106,6,3284.93,2,3,3,8,233,At Risk,2
CUST-1985,12,28,78986.82,4,5,5,14,455,Champions,0
CUST-1986,2,28,71888.51,5,5,5,15,555,Champions,0
CUST-1987,33,6,5974.82,3,3,4,10,334,Loyal Customers,2
CUST-1988,27,2,568.53,3,2,2,7,322,Need Attention,2
CUST-1989,9,20,53954.3,5,5,5,15,555,Champions,0
CUST-1990,5,1,419.85,5,1,2,8,512,New Customers,2
CUST-1991,197,2,500.33,1,2,2,5,122,Lost,1
CUST-1992,22,14,7116.35,4,5,4,13,454,Champions,2
CUST-1993,109,4,3370.44,2,3,3,8,233,At Risk,2
CUST-1994,287,2,469.74,1,2,2,5,122,Lost,1
CUST-1995,17,2,675.49,4,2,2,8,422,New Customers,2
CUST-1996,34,13,7684.25,3,5,4,12,354,Loyal Customers,2
CUST-1997,27,1,155.5,3,1,1,5,311,Need Attention,2
CUST-1998,12,11,6710.78,4,4,4,12,444,Champions,2
CUST-1999,17,11,9962.48,4,4,5,13,445,Champions,2
CUST-2000,14,2,362.72,4,2,2,8,422,New Customers,2
